Dose [%], DIBH_CTV_bridge, DIBH_PTV_bridge, DIBH_Esophagus, DIBH_Heart, DIBH_Medulla, Lungs, PRV_SpinalCord
0.000, 100.000, 100.000, 100.000, 100.000, 100.000, 100.000, 100.000
0.100, 100.000, 100.000, 48.559, 15.517, 46.003, 36.642, 43.825
0.200, 100.000, 100.000, 47.058, 13.179, 44.631, 34.485, 42.527
0.300, 100.000, 100.000, 46.177, 12.083, 43.782, 33.313, 41.758
0.400, 100.000, 100.000, 45.522, 11.346, 43.159, 32.516, 41.185
0.500, 100.000, 100.000, 44.933, 10.789, 42.687, 31.926, 40.711
0.600, 100.000, 100.000, 44.516, 10.357, 42.263, 31.450, 40.295
0.700, 100.000, 100.000, 44.135, 9.988, 41.949, 31.047, 39.970
0.800, 100.000, 100.000, 43.783, 9.661, 41.697, 30.698, 39.700
0.900, 100.000, 100.000, 43.450, 9.385, 41.461, 30.389, 39.465
1.000, 100.000, 100.000, 43.134, 9.140, 41.236, 30.100, 39.242
1.100, 100.000, 100.000, 42.908, 8.909, 41.016, 29.837, 39.042
1.200, 100.000, 100.000, 42.634, 8.701, 40.828, 29.591, 38.863
1.300, 100.000, 100.000, 42.402, 8.508, 40.655, 29.365, 38.698
1.400, 100.000, 100.000, 42.223, 8.329, 40.471, 29.164, 38.542
1.500, 100.000, 100.000, 41.985, 8.168, 40.325, 28.968, 38.397
1.600, 100.000, 100.000, 41.795, 8.013, 40.168, 28.784, 38.274
1.700, 100.000, 100.000, 41.586, 7.866, 40.037, 28.612, 38.148
1.800, 100.000, 100.000, 41.402, 7.733, 39.906, 28.457, 38.045
1.900, 100.000, 100.000, 41.211, 7.607, 39.743, 28.309, 37.915
2.000, 100.000, 100.000, 41.074, 7.482, 39.628, 28.168, 37.800
2.100, 100.000, 100.000, 40.925, 7.362, 39.513, 28.033, 37.711
2.200, 100.000, 100.000, 40.747, 7.262, 39.387, 27.901, 37.592
2.300, 100.000, 100.000, 40.616, 7.161, 39.277, 27.772, 37.495
2.400, 100.000, 100.000, 40.437, 7.053, 39.178, 27.654, 37.404
2.500, 100.000, 100.000, 40.276, 6.967, 39.078, 27.540, 37.295
2.600, 100.000, 100.000, 40.145, 6.863, 38.963, 27.426, 37.196
2.700, 100.000, 100.000, 40.008, 6.773, 38.874, 27.313, 37.105
2.800, 100.000, 100.000, 39.925, 6.691, 38.769, 27.206, 37.002
2.900, 100.000, 100.000, 39.806, 6.611, 38.685, 27.105, 36.920
3.000, 100.000, 100.000, 39.711, 6.527, 38.612, 27.004, 36.844
3.100, 100.000, 100.000, 39.568, 6.445, 38.533, 26.909, 36.755
3.200, 100.000, 100.000, 39.437, 6.369, 38.387, 26.816, 36.658
3.300, 100.000, 100.000, 39.300, 6.300, 38.324, 26.729, 36.570
3.400, 100.000, 100.000, 39.228, 6.226, 38.240, 26.646, 36.516
3.500, 100.000, 100.000, 39.109, 6.161, 38.146, 26.566, 36.423
3.600, 100.000, 100.000, 39.002, 6.094, 38.078, 26.487, 36.366
3.700, 100.000, 100.000, 38.925, 6.029, 38.025, 26.408, 36.304
3.800, 100.000, 100.000, 38.770, 5.967, 37.952, 26.333, 36.246
3.900, 100.000, 100.000, 38.704, 5.906, 37.868, 26.258, 36.166
4.000, 100.000, 100.000, 38.627, 5.857, 37.805, 26.184, 36.102
4.100, 100.000, 100.000, 38.591, 5.795, 37.742, 26.115, 36.038
4.200, 100.000, 100.000, 38.496, 5.735, 37.685, 26.045, 35.982
4.300, 100.000, 100.000, 38.418, 5.682, 37.622, 25.977, 35.933
4.400, 100.000, 100.000, 38.311, 5.635, 37.575, 25.911, 35.873
4.500, 100.000, 100.000, 38.210, 5.582, 37.522, 25.841, 35.818
4.600, 100.000, 100.000, 38.121, 5.529, 37.459, 25.772, 35.750
4.700, 100.000, 100.000, 38.008, 5.481, 37.397, 25.705, 35.692
4.800, 100.000, 100.000, 37.894, 5.429, 37.344, 25.641, 35.647
4.900, 100.000, 100.000, 37.805, 5.379, 37.276, 25.574, 35.595
5.000, 100.000, 100.000, 37.734, 5.331, 37.218, 25.512, 35.535
5.100, 100.000, 100.000, 37.680, 5.286, 37.161, 25.448, 35.484
5.200, 100.000, 100.000, 37.609, 5.245, 37.114, 25.385, 35.424
5.300, 100.000, 100.000, 37.513, 5.201, 37.056, 25.318, 35.383
5.400, 100.000, 100.000, 37.448, 5.155, 36.993, 25.256, 35.342
5.500, 100.000, 100.000, 37.388, 5.117, 36.946, 25.196, 35.278
5.600, 100.000, 100.000, 37.275, 5.075, 36.894, 25.139, 35.232
5.700, 100.000, 100.000, 37.234, 5.041, 36.847, 25.076, 35.189
5.800, 100.000, 100.000, 37.156, 4.997, 36.805, 25.018, 35.142
5.900, 100.000, 100.000, 37.061, 4.959, 36.742, 24.961, 35.090
6.000, 100.000, 100.000, 36.977, 4.915, 36.684, 24.901, 35.022
6.100, 100.000, 100.000, 36.912, 4.880, 36.621, 24.844, 34.969
6.200, 100.000, 100.000, 36.829, 4.844, 36.574, 24.785, 34.934
6.300, 100.000, 100.000, 36.781, 4.809, 36.537, 24.730, 34.892
6.400, 100.000, 100.000, 36.698, 4.775, 36.501, 24.677, 34.857
6.500, 100.000, 100.000, 36.650, 4.732, 36.454, 24.623, 34.814
6.600, 100.000, 100.000, 36.567, 4.701, 36.422, 24.570, 34.777
6.700, 100.000, 100.000, 36.483, 4.660, 36.386, 24.516, 34.746
6.800, 100.000, 100.000, 36.400, 4.629, 36.333, 24.464, 34.703
6.900, 100.000, 100.000, 36.317, 4.598, 36.302, 24.416, 34.674
7.000, 100.000, 100.000, 36.257, 4.568, 36.249, 24.362, 34.618
7.100, 100.000, 100.000, 36.156, 4.531, 36.202, 24.312, 34.585
7.200, 100.000, 100.000, 36.114, 4.499, 36.145, 24.262, 34.534
7.300, 100.000, 100.000, 36.049, 4.470, 36.092, 24.211, 34.499
7.400, 100.000, 100.000, 35.977, 4.442, 36.056, 24.162, 34.460
7.500, 100.000, 100.000, 35.900, 4.420, 36.024, 24.116, 34.419
7.600, 100.000, 100.000, 35.840, 4.385, 35.982, 24.071, 34.392
7.700, 100.000, 100.000, 35.769, 4.358, 35.930, 24.026, 34.353
7.800, 100.000, 100.000, 35.715, 4.328, 35.888, 23.980, 34.307
7.900, 100.000, 100.000, 35.650, 4.297, 35.872, 23.935, 34.272
8.000, 100.000, 100.000, 35.578, 4.265, 35.836, 23.891, 34.243
8.100, 100.000, 100.000, 35.519, 4.234, 35.788, 23.846, 34.206
8.200, 100.000, 100.000, 35.441, 4.205, 35.752, 23.804, 34.180
8.300, 100.000, 100.000, 35.352, 4.180, 35.715, 23.762, 34.138
8.400, 100.000, 100.000, 35.275, 4.149, 35.668, 23.723, 34.107
8.500, 100.000, 100.000, 35.221, 4.121, 35.626, 23.682, 34.070
8.600, 100.000, 100.000, 35.167, 4.099, 35.584, 23.640, 34.033
8.700, 100.000, 100.000, 35.120, 4.072, 35.532, 23.603, 33.994
8.800, 100.000, 100.000, 35.060, 4.049, 35.511, 23.564, 33.967
8.900, 100.000, 100.000, 34.995, 4.027, 35.458, 23.527, 33.930
9.000, 100.000, 100.000, 34.935, 4.005, 35.406, 23.488, 33.891
9.100, 100.000, 100.000, 34.887, 3.979, 35.375, 23.450, 33.862
9.200, 100.000, 100.000, 34.840, 3.949, 35.327, 23.412, 33.825
9.300, 100.000, 100.000, 34.739, 3.928, 35.301, 23.375, 33.794
9.400, 100.000, 100.000, 34.697, 3.903, 35.249, 23.336, 33.753
9.500, 100.000, 100.000, 34.614, 3.880, 35.228, 23.298, 33.726
9.600, 100.000, 100.000, 34.572, 3.860, 35.212, 23.259, 33.710
9.700, 100.000, 100.000, 34.512, 3.839, 35.191, 23.220, 33.677
9.800, 100.000, 100.000, 34.447, 3.811, 35.149, 23.181, 33.642
9.900, 100.000, 100.000, 34.387, 3.788, 35.118, 23.142, 33.613
10.000, 100.000, 100.000, 34.328, 3.767, 35.081, 23.104, 33.580
10.100, 100.000, 100.000, 34.280, 3.751, 35.055, 23.066, 33.545
10.200, 100.000, 100.000, 34.215, 3.727, 35.029, 23.029, 33.524
10.300, 100.000, 100.000, 34.161, 3.707, 35.008, 22.991, 33.495
10.400, 100.000, 100.000, 34.107, 3.687, 34.982, 22.953, 33.460
10.500, 100.000, 100.000, 34.060, 3.666, 34.935, 22.913, 33.419
10.600, 100.000, 100.000, 34.000, 3.644, 34.882, 22.876, 33.378
10.700, 100.000, 100.000, 33.917, 3.620, 34.851, 22.841, 33.355
10.800, 100.000, 100.000, 33.857, 3.599, 34.809, 22.805, 33.312
10.900, 100.000, 100.000, 33.780, 3.581, 34.767, 22.770, 33.279
11.000, 100.000, 100.000, 33.732, 3.559, 34.730, 22.735, 33.244
11.100, 100.000, 100.000, 33.697, 3.540, 34.720, 22.701, 33.228
11.200, 100.000, 100.000, 33.667, 3.521, 34.704, 22.666, 33.211
11.300, 100.000, 100.000, 33.631, 3.508, 34.673, 22.631, 33.184
11.400, 100.000, 100.000, 33.542, 3.487, 34.631, 22.598, 33.141
11.500, 100.000, 100.000, 33.500, 3.468, 34.605, 22.562, 33.116
11.600, 100.000, 100.000, 33.452, 3.453, 34.578, 22.528, 33.077
11.700, 100.000, 100.000, 33.423, 3.434, 34.563, 22.493, 33.057
11.800, 100.000, 100.000, 33.369, 3.417, 34.531, 22.459, 33.032
11.900, 100.000, 100.000, 33.345, 3.401, 34.510, 22.425, 33.017
12.000, 100.000, 100.000, 33.304, 3.385, 34.489, 22.391, 32.980
12.100, 100.000, 100.000, 33.244, 3.369, 34.463, 22.358, 32.949
12.200, 100.000, 100.000, 33.161, 3.348, 34.421, 22.324, 32.916
12.300, 100.000, 100.000, 33.113, 3.331, 34.405, 22.290, 32.902
12.400, 100.000, 100.000, 33.059, 3.318, 34.337, 22.257, 32.863
12.500, 100.000, 100.000, 32.988, 3.302, 34.306, 22.225, 32.832
12.600, 100.000, 100.000, 32.922, 3.278, 34.233, 22.193, 32.787
12.700, 100.000, 100.000, 32.887, 3.260, 34.217, 22.161, 32.768
12.800, 100.000, 100.000, 32.833, 3.245, 34.191, 22.133, 32.739
12.900, 100.000, 100.000, 32.774, 3.229, 34.164, 22.102, 32.712
13.000, 100.000, 100.000, 32.762, 3.213, 34.138, 22.071, 32.684
13.100, 100.000, 100.000, 32.690, 3.193, 34.107, 22.042, 32.651
13.200, 100.000, 100.000, 32.672, 3.179, 34.081, 22.013, 32.632
13.300, 100.000, 100.000, 32.607, 3.164, 34.044, 21.983, 32.605
13.400, 100.000, 100.000, 32.583, 3.148, 34.023, 21.952, 32.581
13.500, 100.000, 100.000, 32.535, 3.136, 33.992, 21.922, 32.552
13.600, 100.000, 100.000, 32.494, 3.121, 33.971, 21.892, 32.523
13.700, 100.000, 100.000, 32.446, 3.108, 33.944, 21.863, 32.506
13.800, 100.000, 100.000, 32.422, 3.089, 33.918, 21.833, 32.486
13.900, 100.000, 100.000, 32.375, 3.076, 33.892, 21.804, 32.463
14.000, 100.000, 100.000, 32.327, 3.064, 33.871, 21.775, 32.434
14.100, 100.000, 100.000, 32.232, 3.048, 33.845, 21.746, 32.414
14.200, 100.000, 100.000, 32.190, 3.035, 33.824, 21.716, 32.387
14.300, 100.000, 100.000, 32.154, 3.020, 33.803, 21.688, 32.364
14.400, 100.000, 100.000, 32.119, 3.007, 33.766, 21.662, 32.327
14.500, 100.000, 100.000, 32.089, 2.995, 33.730, 21.637, 32.304
14.600, 100.000, 100.000, 32.053, 2.978, 33.688, 21.608, 32.271
14.700, 100.000, 100.000, 32.017, 2.964, 33.641, 21.581, 32.243
14.800, 100.000, 100.000, 31.970, 2.951, 33.614, 21.554, 32.210
14.900, 100.000, 100.000, 31.934, 2.937, 33.594, 21.526, 32.193
15.000, 100.000, 100.000, 31.869, 2.923, 33.578, 21.501, 32.164
15.100, 100.000, 100.000, 31.845, 2.909, 33.531, 21.475, 32.127
15.200, 100.000, 100.000, 31.797, 2.895, 33.510, 21.449, 32.105
15.300, 100.000, 100.000, 31.773, 2.879, 33.483, 21.424, 32.082
15.400, 100.000, 100.000, 31.708, 2.867, 33.447, 21.399, 32.051
15.500, 100.000, 100.000, 31.678, 2.855, 33.431, 21.375, 32.032
15.600, 100.000, 100.000, 31.624, 2.847, 33.410, 21.351, 32.008
15.700, 100.000, 100.000, 31.565, 2.832, 33.389, 21.327, 31.983
15.800, 100.000, 100.000, 31.487, 2.820, 33.368, 21.303, 31.954
15.900, 100.000, 100.000, 31.434, 2.807, 33.332, 21.280, 31.932
16.000, 100.000, 100.000, 31.404, 2.794, 33.305, 21.258, 31.911
16.100, 100.000, 100.000, 31.356, 2.781, 33.300, 21.234, 31.894
16.200, 100.000, 100.000, 31.327, 2.768, 33.263, 21.210, 31.868
16.300, 100.000, 100.000, 31.303, 2.758, 33.232, 21.186, 31.845
16.400, 100.000, 100.000, 31.231, 2.744, 33.222, 21.163, 31.822
16.500, 100.000, 100.000, 31.190, 2.732, 33.185, 21.141, 31.787
16.600, 100.000, 100.000, 31.172, 2.718, 33.159, 21.120, 31.760
16.700, 100.000, 100.000, 31.148, 2.706, 33.143, 21.097, 31.736
16.800, 100.000, 100.000, 31.124, 2.690, 33.122, 21.077, 31.719
16.900, 100.000, 100.000, 31.077, 2.678, 33.085, 21.056, 31.692
17.000, 100.000, 100.000, 31.017, 2.664, 33.059, 21.035, 31.664
17.100, 100.000, 100.000, 30.981, 2.655, 33.033, 21.014, 31.633
17.200, 100.000, 100.000, 30.957, 2.648, 33.007, 20.993, 31.606
17.300, 100.000, 100.000, 30.922, 2.635, 32.986, 20.971, 31.573
17.400, 100.000, 100.000, 30.850, 2.620, 32.949, 20.952, 31.546
17.500, 100.000, 100.000, 30.838, 2.610, 32.897, 20.931, 31.513
17.600, 100.000, 100.000, 30.809, 2.602, 32.892, 20.911, 31.497
17.700, 100.000, 100.000, 30.749, 2.594, 32.865, 20.891, 31.466
17.800, 100.000, 100.000, 30.725, 2.582, 32.844, 20.871, 31.447
17.900, 100.000, 100.000, 30.684, 2.570, 32.823, 20.850, 31.433
18.000, 100.000, 100.000, 30.654, 2.558, 32.792, 20.831, 31.402
18.100, 100.000, 100.000, 30.582, 2.548, 32.771, 20.811, 31.375
18.200, 100.000, 100.000, 30.576, 2.539, 32.740, 20.791, 31.340
18.300, 100.000, 100.000, 30.541, 2.529, 32.703, 20.772, 31.299
18.400, 100.000, 100.000, 30.487, 2.521, 32.677, 20.752, 31.272
18.500, 100.000, 100.000, 30.457, 2.511, 32.656, 20.733, 31.256
18.600, 100.000, 100.000, 30.422, 2.497, 32.619, 20.713, 31.229
18.700, 100.000, 100.000, 30.398, 2.487, 32.598, 20.693, 31.210
18.800, 100.000, 100.000, 30.392, 2.474, 32.556, 20.674, 31.179
18.900, 100.000, 100.000, 30.344, 2.466, 32.535, 20.655, 31.149
19.000, 100.000, 100.000, 30.338, 2.451, 32.504, 20.633, 31.116
19.100, 100.000, 100.000, 30.308, 2.439, 32.483, 20.613, 31.095
19.200, 100.000, 100.000, 30.267, 2.427, 32.452, 20.594, 31.066
19.300, 100.000, 100.000, 30.237, 2.417, 32.420, 20.574, 31.045
19.400, 100.000, 100.000, 30.207, 2.407, 32.404, 20.553, 31.017
19.500, 100.000, 100.000, 30.189, 2.399, 32.362, 20.531, 30.982
19.600, 100.000, 100.000, 30.136, 2.391, 32.336, 20.511, 30.957
19.700, 100.000, 100.000, 30.106, 2.382, 32.294, 20.490, 30.928
19.800, 100.000, 100.000, 30.064, 2.372, 32.268, 20.469, 30.881
19.900, 100.000, 100.000, 30.017, 2.364, 32.242, 20.447, 30.862
20.000, 100.000, 100.000, 29.987, 2.354, 32.205, 20.425, 30.815
20.100, 100.000, 100.000, 29.945, 2.341, 32.163, 20.402, 30.761
20.200, 100.000, 100.000, 29.909, 2.334, 32.116, 20.380, 30.722
20.300, 100.000, 100.000, 29.868, 2.325, 32.074, 20.358, 30.673
20.400, 100.000, 100.000, 29.838, 2.314, 32.022, 20.335, 30.598
20.500, 100.000, 100.000, 29.820, 2.306, 31.964, 20.314, 30.532
20.600, 100.000, 100.000, 29.796, 2.297, 31.881, 20.288, 30.438
20.700, 100.000, 100.000, 29.767, 2.289, 31.792, 20.262, 30.345
20.800, 100.000, 100.000, 29.713, 2.278, 31.692, 20.238, 30.256
20.900, 100.000, 100.000, 29.677, 2.266, 31.566, 20.213, 30.133
21.000, 100.000, 100.000, 29.647, 2.258, 31.446, 20.189, 30.001
21.100, 100.000, 100.000, 29.624, 2.253, 31.357, 20.163, 29.883
21.200, 100.000, 100.000, 29.606, 2.240, 31.221, 20.138, 29.745
21.300, 100.000, 100.000, 29.582, 2.230, 31.095, 20.113, 29.587
21.400, 100.000, 100.000, 29.558, 2.223, 30.911, 20.088, 29.428
21.500, 100.000, 100.000, 29.540, 2.213, 30.702, 20.064, 29.230
21.600, 100.000, 100.000, 29.516, 2.203, 30.435, 20.041, 29.057
21.700, 100.000, 100.000, 29.487, 2.194, 30.199, 20.017, 28.859
21.800, 100.000, 100.000, 29.463, 2.185, 30.010, 19.994, 28.680
21.900, 100.000, 100.000, 29.421, 2.175, 29.749, 19.973, 28.441
22.000, 100.000, 100.000, 29.391, 2.167, 29.460, 19.952, 28.177
22.100, 100.000, 100.000, 29.350, 2.158, 29.183, 19.931, 27.953
22.200, 100.000, 100.000, 29.296, 2.149, 28.874, 19.909, 27.707
22.300, 100.000, 100.000, 29.260, 2.142, 28.528, 19.889, 27.468
22.400, 100.000, 100.000, 29.249, 2.135, 28.250, 19.869, 27.267
22.500, 100.000, 100.000, 29.219, 2.124, 27.910, 19.850, 27.017
22.600, 100.000, 100.000, 29.195, 2.116, 27.548, 19.830, 26.729
22.700, 100.000, 100.000, 29.147, 2.111, 27.307, 19.810, 26.494
22.800, 100.000, 100.000, 29.123, 2.103, 27.067, 19.788, 26.278
22.900, 100.000, 100.000, 29.076, 2.097, 26.841, 19.769, 26.096
23.000, 100.000, 100.000, 29.064, 2.085, 26.585, 19.748, 25.872
23.100, 100.000, 100.000, 29.016, 2.078, 26.401, 19.728, 25.672
23.200, 100.000, 100.000, 28.992, 2.067, 26.202, 19.708, 25.497
23.300, 100.000, 100.000, 28.969, 2.062, 25.909, 19.689, 25.249
23.400, 100.000, 100.000, 28.957, 2.057, 25.731, 19.670, 25.043
23.500, 100.000, 100.000, 28.933, 2.049, 25.532, 19.652, 24.860
23.600, 100.000, 100.000, 28.909, 2.043, 25.406, 19.631, 24.712
23.700, 100.000, 100.000, 28.867, 2.033, 25.259, 19.613, 24.545
23.800, 100.000, 100.000, 28.826, 2.027, 25.134, 19.595, 24.392
23.900, 100.000, 100.000, 28.796, 2.019, 24.961, 19.577, 24.211
24.000, 100.000, 100.000, 28.760, 2.011, 24.819, 19.560, 24.060
24.100, 100.000, 100.000, 28.748, 2.004, 24.741, 19.540, 23.916
24.200, 100.000, 100.000, 28.725, 1.994, 24.631, 19.520, 23.770
24.300, 100.000, 100.000, 28.701, 1.982, 24.505, 19.501, 23.615
24.400, 100.000, 100.000, 28.683, 1.977, 24.411, 19.484, 23.502
24.500, 100.000, 100.000, 28.659, 1.970, 24.316, 19.467, 23.378
24.600, 100.000, 100.000, 28.635, 1.966, 24.201, 19.450, 23.247
24.700, 100.000, 100.000, 28.605, 1.958, 24.070, 19.433, 23.117
24.800, 100.000, 100.000, 28.582, 1.950, 23.965, 19.418, 23.001
24.900, 100.000, 100.000, 28.528, 1.941, 23.840, 19.402, 22.876
25.000, 100.000, 100.000, 28.516, 1.933, 23.740, 19.386, 22.768
25.100, 100.000, 100.000, 28.516, 1.925, 23.693, 19.369, 22.678
25.200, 100.000, 100.000, 28.498, 1.915, 23.594, 19.354, 22.567
25.300, 100.000, 100.000, 28.463, 1.905, 23.478, 19.338, 22.453
25.400, 100.000, 100.000, 28.451, 1.898, 23.347, 19.322, 22.336
25.500, 100.000, 100.000, 28.421, 1.889, 23.258, 19.306, 22.214
25.600, 100.000, 100.000, 28.391, 1.885, 23.195, 19.289, 22.119
25.700, 100.000, 100.000, 28.343, 1.876, 23.148, 19.273, 22.051
25.800, 100.000, 100.000, 28.308, 1.869, 23.059, 19.257, 21.946
25.900, 100.000, 100.000, 28.290, 1.863, 22.965, 19.241, 21.833
26.000, 100.000, 100.000, 28.260, 1.857, 22.902, 19.224, 21.744
26.100, 100.000, 100.000, 28.248, 1.853, 22.797, 19.210, 21.621
26.200, 100.000, 100.000, 28.224, 1.848, 22.713, 19.195, 21.545
26.300, 100.000, 100.000, 28.195, 1.837, 22.656, 19.180, 21.464
26.400, 100.000, 100.000, 28.171, 1.830, 22.593, 19.163, 21.380
26.500, 100.000, 100.000, 28.141, 1.824, 22.509, 19.148, 21.279
26.600, 100.000, 100.000, 28.117, 1.815, 22.452, 19.132, 21.200
26.700, 100.000, 100.000, 28.076, 1.806, 22.378, 19.117, 21.097
26.800, 100.000, 100.000, 28.046, 1.800, 22.258, 19.101, 20.986
26.900, 100.000, 100.000, 28.034, 1.795, 22.200, 19.085, 20.906
27.000, 100.000, 100.000, 28.010, 1.793, 22.132, 19.069, 20.842
27.100, 100.000, 100.000, 28.004, 1.786, 22.069, 19.053, 20.749
27.200, 100.000, 100.000, 27.998, 1.779, 21.996, 19.038, 20.675
27.300, 100.000, 100.000, 27.956, 1.771, 21.933, 19.022, 20.580
27.400, 100.000, 100.000, 27.939, 1.761, 21.854, 19.008, 20.490
27.500, 100.000, 100.000, 27.921, 1.754, 21.792, 18.993, 20.413
27.600, 100.000, 100.000, 27.891, 1.748, 21.713, 18.978, 20.321
27.700, 100.000, 100.000, 27.879, 1.745, 21.650, 18.963, 20.246
27.800, 100.000, 100.000, 27.855, 1.738, 21.556, 18.947, 20.160
27.900, 100.000, 100.000, 27.855, 1.731, 21.493, 18.933, 20.082
28.000, 100.000, 100.000, 27.831, 1.723, 21.404, 18.919, 19.972
28.100, 100.000, 100.000, 27.825, 1.716, 21.336, 18.905, 19.892
28.200, 100.000, 100.000, 27.796, 1.712, 21.273, 18.891, 19.810
28.300, 100.000, 100.000, 27.796, 1.708, 21.226, 18.878, 19.733
28.400, 100.000, 100.000, 27.790, 1.701, 21.168, 18.862, 19.655
28.500, 100.000, 100.000, 27.736, 1.696, 21.090, 18.848, 19.573
28.600, 100.000, 100.000, 27.712, 1.688, 21.042, 18.834, 19.501
28.700, 100.000, 100.000, 27.688, 1.683, 21.011, 18.820, 19.439
28.800, 100.000, 100.000, 27.635, 1.678, 20.948, 18.805, 19.367
28.900, 100.000, 100.000, 27.611, 1.673, 20.870, 18.791, 19.288
29.000, 100.000, 100.000, 27.581, 1.668, 20.807, 18.778, 19.220
29.100, 100.000, 100.000, 27.569, 1.662, 20.718, 18.764, 19.150
29.200, 100.000, 100.000, 27.563, 1.656, 20.660, 18.750, 19.064
29.300, 100.000, 100.000, 27.540, 1.650, 20.618, 18.735, 19.014
29.400, 100.000, 100.000, 27.504, 1.644, 20.587, 18.721, 18.948
29.500, 100.000, 100.000, 27.474, 1.639, 20.534, 18.706, 18.882
29.600, 100.000, 100.000, 27.456, 1.633, 20.456, 18.691, 18.821
29.700, 100.000, 100.000, 27.444, 1.625, 20.388, 18.677, 18.751
29.800, 100.000, 100.000, 27.426, 1.618, 20.309, 18.662, 18.678
29.900, 100.000, 100.000, 27.409, 1.609, 20.278, 18.647, 18.629
30.000, 100.000, 100.000, 27.355, 1.602, 20.220, 18.632, 18.565
30.100, 100.000, 100.000, 27.313, 1.596, 20.136, 18.620, 18.495
30.200, 100.000, 100.000, 27.295, 1.588, 20.089, 18.605, 18.439
30.300, 100.000, 100.000, 27.278, 1.586, 20.037, 18.591, 18.371
30.400, 100.000, 100.000, 27.254, 1.582, 19.953, 18.577, 18.291
30.500, 100.000, 100.000, 27.212, 1.578, 19.927, 18.563, 18.235
30.600, 100.000, 100.000, 27.188, 1.574, 19.885, 18.551, 18.184
30.700, 100.000, 100.000, 27.170, 1.568, 19.811, 18.538, 18.134
30.800, 100.000, 100.000, 27.147, 1.562, 19.775, 18.525, 18.087
30.900, 100.000, 100.000, 27.147, 1.558, 19.733, 18.511, 18.029
31.000, 100.000, 100.000, 27.123, 1.552, 19.675, 18.496, 17.982
31.100, 100.000, 100.000, 27.087, 1.547, 19.628, 18.483, 17.930
31.200, 100.000, 100.000, 27.069, 1.540, 19.581, 18.469, 17.875
31.300, 100.000, 100.000, 27.057, 1.535, 19.518, 18.454, 17.805
31.400, 100.000, 100.000, 27.039, 1.530, 19.455, 18.440, 17.741
31.500, 100.000, 100.000, 27.010, 1.525, 19.387, 18.427, 17.681
31.600, 100.000, 100.000, 26.974, 1.520, 19.298, 18.413, 17.623
31.700, 100.000, 100.000, 26.962, 1.514, 19.235, 18.400, 17.580
31.800, 100.000, 100.000, 26.944, 1.510, 19.172, 18.387, 17.504
31.900, 100.000, 100.000, 26.914, 1.506, 19.130, 18.373, 17.440
32.000, 100.000, 100.000, 26.885, 1.503, 19.083, 18.360, 17.395
32.100, 100.000, 100.000, 26.855, 1.495, 19.031, 18.346, 17.347
32.200, 100.000, 100.000, 26.849, 1.491, 18.994, 18.332, 17.300
32.300, 100.000, 100.000, 26.825, 1.481, 18.916, 18.319, 17.240
32.400, 100.000, 100.000, 26.807, 1.476, 18.869, 18.306, 17.187
32.500, 100.000, 100.000, 26.783, 1.469, 18.821, 18.293, 17.129
32.600, 100.000, 100.000, 26.754, 1.462, 18.769, 18.279, 17.084
32.700, 100.000, 100.000, 26.730, 1.456, 18.706, 18.265, 17.036
32.800, 100.000, 100.000, 26.700, 1.452, 18.664, 18.253, 16.993
32.900, 100.000, 100.000, 26.688, 1.446, 18.617, 18.239, 16.935
33.000, 100.000, 100.000, 26.676, 1.442, 18.570, 18.225, 16.896
33.100, 100.000, 100.000, 26.664, 1.436, 18.465, 18.211, 16.822
33.200, 100.000, 100.000, 26.635, 1.433, 18.397, 18.196, 16.762
33.300, 100.000, 100.000, 26.605, 1.430, 18.350, 18.182, 16.715
33.400, 100.000, 100.000, 26.587, 1.426, 18.292, 18.169, 16.663
33.500, 100.000, 100.000, 26.575, 1.423, 18.235, 18.154, 16.616
33.600, 100.000, 100.000, 26.551, 1.419, 18.177, 18.141, 16.571
33.700, 100.000, 100.000, 26.533, 1.412, 18.130, 18.128, 16.511
33.800, 100.000, 100.000, 26.504, 1.407, 18.072, 18.114, 16.465
33.900, 100.000, 100.000, 26.492, 1.398, 18.004, 18.101, 16.414
34.000, 100.000, 100.000, 26.480, 1.394, 17.941, 18.086, 16.360
34.100, 100.000, 100.000, 26.462, 1.389, 17.899, 18.072, 16.311
34.200, 100.000, 100.000, 26.438, 1.385, 17.868, 18.058, 16.272
34.300, 100.000, 100.000, 26.408, 1.383, 17.800, 18.043, 16.220
34.400, 100.000, 100.000, 26.378, 1.379, 17.753, 18.029, 16.181
34.500, 100.000, 100.000, 26.373, 1.371, 17.700, 18.015, 16.128
34.600, 100.000, 100.000, 26.349, 1.367, 17.622, 18.002, 16.074
34.700, 100.000, 100.000, 26.343, 1.361, 17.533, 17.989, 16.020
34.800, 100.000, 100.000, 26.331, 1.359, 17.470, 17.976, 15.971
34.900, 100.000, 100.000, 26.313, 1.351, 17.402, 17.963, 15.913
35.000, 100.000, 100.000, 26.313, 1.346, 17.360, 17.951, 15.864
35.100, 100.000, 100.000, 26.307, 1.339, 17.307, 17.938, 15.806
35.200, 100.000, 100.000, 26.289, 1.335, 17.266, 17.924, 15.773
35.300, 100.000, 100.000, 26.253, 1.329, 17.187, 17.911, 15.728
35.400, 100.000, 100.000, 26.236, 1.324, 17.129, 17.897, 15.687
35.500, 100.000, 100.000, 26.218, 1.317, 17.077, 17.883, 15.643
35.600, 100.000, 100.000, 26.200, 1.313, 16.998, 17.869, 15.588
35.700, 100.000, 100.000, 26.188, 1.309, 16.941, 17.855, 15.551
35.800, 100.000, 100.000, 26.146, 1.304, 16.878, 17.841, 15.493
35.900, 100.000, 100.000, 26.134, 1.293, 16.810, 17.829, 15.450
36.000, 100.000, 100.000, 26.111, 1.287, 16.784, 17.815, 15.421
36.100, 100.000, 100.000, 26.093, 1.285, 16.726, 17.801, 15.377
36.200, 100.000, 100.000, 26.081, 1.280, 16.653, 17.787, 15.336
36.300, 100.000, 100.000, 26.069, 1.277, 16.590, 17.773, 15.287
36.400, 100.000, 100.000, 26.039, 1.274, 16.537, 17.758, 15.235
36.500, 100.000, 100.000, 26.009, 1.265, 16.459, 17.743, 15.176
36.600, 100.000, 100.000, 25.991, 1.262, 16.396, 17.729, 15.110
36.700, 100.000, 100.000, 25.980, 1.258, 16.291, 17.714, 15.042
36.800, 100.000, 100.000, 25.950, 1.255, 16.223, 17.699, 14.988
36.900, 100.000, 100.000, 25.932, 1.249, 16.150, 17.686, 14.941
37.000, 100.000, 100.000, 25.908, 1.243, 16.124, 17.671, 14.918
37.100, 100.000, 100.000, 25.890, 1.240, 16.066, 17.658, 14.877
37.200, 100.000, 100.000, 25.866, 1.237, 15.998, 17.644, 14.825
37.300, 100.000, 100.000, 25.843, 1.233, 15.951, 17.629, 14.796
37.400, 100.000, 100.000, 25.813, 1.230, 15.867, 17.615, 14.745
37.500, 100.000, 100.000, 25.771, 1.224, 15.820, 17.598, 14.704
37.600, 100.000, 100.000, 25.741, 1.219, 15.773, 17.584, 14.671
37.700, 100.000, 100.000, 25.718, 1.215, 15.741, 17.569, 14.642
37.800, 100.000, 100.000, 25.658, 1.208, 15.684, 17.555, 14.609
37.900, 100.000, 100.000, 25.646, 1.201, 15.631, 17.540, 14.555
38.000, 100.000, 100.000, 25.628, 1.196, 15.574, 17.525, 14.510
38.100, 100.000, 100.000, 25.598, 1.193, 15.526, 17.510, 14.479
38.200, 100.000, 100.000, 25.581, 1.190, 15.479, 17.497, 14.446
38.300, 100.000, 100.000, 25.557, 1.186, 15.422, 17.482, 14.395
38.400, 100.000, 100.000, 25.557, 1.180, 15.343, 17.467, 14.347
38.500, 100.000, 100.000, 25.527, 1.177, 15.265, 17.452, 14.296
38.600, 100.000, 99.999, 25.497, 1.174, 15.202, 17.436, 14.265
38.700, 100.000, 99.999, 25.473, 1.170, 15.118, 17.421, 14.207
38.800, 100.000, 99.999, 25.444, 1.164, 15.034, 17.406, 14.160
38.900, 100.000, 99.999, 25.432, 1.161, 14.987, 17.392, 14.114
39.000, 100.000, 99.999, 25.408, 1.157, 14.961, 17.375, 14.086
39.100, 100.000, 99.999, 25.372, 1.155, 14.903, 17.359, 14.053
39.200, 100.000, 99.999, 25.354, 1.149, 14.866, 17.344, 14.024
39.300, 100.000, 99.999, 25.348, 1.146, 14.798, 17.327, 13.976
39.400, 100.000, 99.999, 25.325, 1.143, 14.720, 17.312, 13.935
39.500, 100.000, 99.999, 25.313, 1.139, 14.667, 17.295, 13.902
39.600, 100.000, 99.998, 25.283, 1.134, 14.620, 17.280, 13.861
39.700, 100.000, 99.998, 25.271, 1.130, 14.563, 17.264, 13.816
39.800, 100.000, 99.997, 25.253, 1.126, 14.494, 17.249, 13.760
39.900, 100.000, 99.997, 25.235, 1.123, 14.447, 17.232, 13.727
40.000, 100.000, 99.996, 25.211, 1.119, 14.405, 17.216, 13.684
40.100, 100.000, 99.995, 25.199, 1.113, 14.343, 17.201, 13.638
40.200, 100.000, 99.995, 25.170, 1.110, 14.295, 17.184, 13.603
40.300, 100.000, 99.995, 25.146, 1.106, 14.280, 17.168, 13.577
40.400, 100.000, 99.995, 25.134, 1.102, 14.206, 17.150, 13.527
40.500, 100.000, 99.995, 25.134, 1.096, 14.138, 17.134, 13.486
40.600, 100.000, 99.995, 25.110, 1.092, 14.070, 17.117, 13.439
40.700, 100.000, 99.995, 25.086, 1.090, 14.013, 17.101, 13.406
40.800, 100.000, 99.995, 25.074, 1.086, 13.955, 17.087, 13.364
40.900, 100.000, 99.994, 25.063, 1.082, 13.913, 17.070, 13.333
41.000, 100.000, 99.993, 25.045, 1.079, 13.876, 17.054, 13.292
41.100, 100.000, 99.993, 25.033, 1.076, 13.814, 17.038, 13.249
41.200, 100.000, 99.993, 25.009, 1.070, 13.756, 17.021, 13.218
41.300, 100.000, 99.992, 24.979, 1.067, 13.719, 17.005, 13.181
41.400, 100.000, 99.991, 24.973, 1.065, 13.672, 16.989, 13.148
41.500, 100.000, 99.990, 24.955, 1.062, 13.620, 16.972, 13.115
41.600, 100.000, 99.990, 24.932, 1.056, 13.557, 16.956, 13.078
41.700, 100.000, 99.989, 24.902, 1.051, 13.525, 16.941, 13.049
41.800, 100.000, 99.988, 24.878, 1.046, 13.483, 16.925, 13.014
41.900, 100.000, 99.987, 24.860, 1.043, 13.431, 16.909, 12.979
42.000, 100.000, 99.986, 24.842, 1.040, 13.363, 16.893, 12.934
42.100, 100.000, 99.985, 24.836, 1.035, 13.326, 16.877, 12.909
42.200, 100.000, 99.984, 24.812, 1.032, 13.284, 16.861, 12.870
42.300, 100.000, 99.984, 24.812, 1.029, 13.216, 16.844, 12.820
42.400, 100.000, 99.983, 24.801, 1.026, 13.133, 16.828, 12.769
42.500, 100.000, 99.982, 24.759, 1.023, 13.085, 16.812, 12.732
42.600, 100.000, 99.982, 24.705, 1.020, 13.049, 16.795, 12.703
42.700, 100.000, 99.982, 24.681, 1.018, 12.991, 16.777, 12.670
42.800, 100.000, 99.981, 24.675, 1.014, 12.960, 16.761, 12.639
42.900, 100.000, 99.981, 24.646, 1.011, 12.913, 16.743, 12.614
43.000, 100.000, 99.981, 24.640, 1.008, 12.892, 16.726, 12.586
43.100, 100.000, 99.980, 24.616, 1.002, 12.823, 16.710, 12.550
43.200, 100.000, 99.979, 24.610, 0.997, 12.776, 16.693, 12.520
43.300, 100.000, 99.978, 24.604, 0.994, 12.740, 16.676, 12.485
43.400, 100.000, 99.977, 24.586, 0.990, 12.713, 16.660, 12.456
43.500, 100.000, 99.977, 24.562, 0.984, 12.645, 16.645, 12.412
43.600, 100.000, 99.977, 24.550, 0.981, 12.603, 16.629, 12.377
43.700, 100.000, 99.977, 24.539, 0.976, 12.541, 16.614, 12.342
43.800, 100.000, 99.976, 24.509, 0.974, 12.488, 16.597, 12.293
43.900, 100.000, 99.976, 24.497, 0.969, 12.436, 16.582, 12.258
44.000, 100.000, 99.976, 24.491, 0.965, 12.394, 16.566, 12.225
44.100, 100.000, 99.976, 24.455, 0.961, 12.352, 16.549, 12.192
44.200, 100.000, 99.976, 24.419, 0.958, 12.279, 16.533, 12.147
44.300, 100.000, 99.975, 24.390, 0.956, 12.232, 16.517, 12.110
44.400, 100.000, 99.974, 24.354, 0.953, 12.211, 16.500, 12.089
44.500, 100.000, 99.974, 24.342, 0.948, 12.148, 16.483, 12.054
44.600, 100.000, 99.974, 24.330, 0.943, 12.101, 16.468, 12.017
44.700, 100.000, 99.974, 24.312, 0.941, 12.053, 16.450, 11.984
44.800, 100.000, 99.974, 24.294, 0.934, 12.017, 16.434, 11.955
44.900, 100.000, 99.973, 24.265, 0.931, 11.975, 16.417, 11.926
45.000, 100.000, 99.972, 24.253, 0.926, 11.922, 16.401, 11.887
45.100, 100.000, 99.971, 24.229, 0.925, 11.870, 16.384, 11.844
45.200, 100.000, 99.971, 24.181, 0.921, 11.812, 16.365, 11.798
45.300, 100.000, 99.971, 24.151, 0.917, 11.776, 16.349, 11.776
45.400, 100.000, 99.971, 24.110, 0.911, 11.723, 16.334, 11.741
45.500, 100.000, 99.970, 24.080, 0.909, 11.666, 16.315, 11.702
45.600, 100.000, 99.969, 24.050, 0.905, 11.619, 16.297, 11.662
45.700, 100.000, 99.968, 24.026, 0.903, 11.556, 16.280, 11.629
45.800, 100.000, 99.968, 24.009, 0.902, 11.514, 16.264, 11.586
45.900, 100.000, 99.968, 23.973, 0.896, 11.441, 16.245, 11.549
46.000, 100.000, 99.967, 23.967, 0.893, 11.399, 16.227, 11.524
46.100, 100.000, 99.967, 23.943, 0.889, 11.362, 16.211, 11.500
46.200, 100.000, 99.967, 23.925, 0.887, 11.310, 16.193, 11.460
46.300, 100.000, 99.966, 23.913, 0.883, 11.283, 16.174, 11.440
46.400, 100.000, 99.965, 23.878, 0.880, 11.252, 16.156, 11.405
46.500, 100.000, 99.964, 23.848, 0.878, 11.189, 16.137, 11.351
46.600, 100.000, 99.963, 23.818, 0.874, 11.131, 16.118, 11.314
46.700, 100.000, 99.962, 23.800, 0.870, 11.084, 16.101, 11.275
46.800, 100.000, 99.961, 23.782, 0.864, 11.042, 16.084, 11.250
46.900, 100.000, 99.960, 23.758, 0.862, 10.985, 16.068, 11.217
47.000, 100.000, 99.959, 23.747, 0.858, 10.938, 16.050, 11.168
47.100, 100.000, 99.958, 23.723, 0.853, 10.885, 16.032, 11.133
47.200, 100.000, 99.958, 23.699, 0.849, 10.822, 16.015, 11.094
47.300, 100.000, 99.957, 23.699, 0.847, 10.781, 16.000, 11.067
47.400, 100.000, 99.957, 23.663, 0.843, 10.760, 15.983, 11.050
47.500, 100.000, 99.956, 23.651, 0.841, 10.707, 15.965, 11.009
47.600, 100.000, 99.956, 23.627, 0.838, 10.665, 15.948, 10.974
47.700, 100.000, 99.955, 23.598, 0.835, 10.613, 15.930, 10.949
47.800, 100.000, 99.954, 23.580, 0.832, 10.555, 15.911, 10.910
47.900, 100.000, 99.953, 23.568, 0.828, 10.513, 15.895, 10.877
48.000, 100.000, 99.953, 23.556, 0.825, 10.492, 15.879, 10.855
48.100, 100.000, 99.951, 23.550, 0.823, 10.456, 15.862, 10.832
48.200, 100.000, 99.950, 23.520, 0.818, 10.388, 15.846, 10.789
48.300, 100.000, 99.949, 23.520, 0.814, 10.340, 15.829, 10.760
48.400, 100.000, 99.949, 23.508, 0.810, 10.283, 15.813, 10.725
48.500, 100.000, 99.948, 23.496, 0.809, 10.262, 15.798, 10.702
48.600, 100.000, 99.947, 23.485, 0.805, 10.215, 15.781, 10.673
48.700, 100.000, 99.946, 23.455, 0.803, 10.126, 15.764, 10.622
48.800, 100.000, 99.946, 23.449, 0.799, 10.068, 15.748, 10.570
48.900, 100.000, 99.946, 23.407, 0.797, 10.047, 15.733, 10.539
49.000, 100.000, 99.945, 23.401, 0.792, 10.000, 15.717, 10.498
49.100, 100.000, 99.944, 23.377, 0.786, 9.963, 15.701, 10.465
49.200, 100.000, 99.942, 23.342, 0.783, 9.921, 15.684, 10.441
49.300, 100.000, 99.941, 23.294, 0.780, 9.895, 15.669, 10.414
49.400, 100.000, 99.940, 23.258, 0.778, 9.832, 15.652, 10.377
49.500, 100.000, 99.939, 23.240, 0.774, 9.785, 15.636, 10.346
49.600, 100.000, 99.938, 23.217, 0.772, 9.722, 15.620, 10.309
49.700, 100.000, 99.938, 23.193, 0.768, 9.654, 15.603, 10.270
49.800, 100.000, 99.937, 23.181, 0.766, 9.597, 15.584, 10.224
49.900, 100.000, 99.936, 23.139, 0.763, 9.576, 15.569, 10.206
50.000, 100.000, 99.936, 23.121, 0.760, 9.539, 15.552, 10.177
50.100, 100.000, 99.934, 23.103, 0.757, 9.476, 15.534, 10.142
50.200, 100.000, 99.934, 23.098, 0.754, 9.434, 15.517, 10.111
50.300, 100.000, 99.932, 23.068, 0.750, 9.366, 15.500, 10.063
50.400, 100.000, 99.932, 23.044, 0.746, 9.309, 15.482, 10.026
50.500, 100.000, 99.931, 23.026, 0.742, 9.261, 15.464, 9.995
50.600, 100.000, 99.928, 23.014, 0.739, 9.219, 15.447, 9.965
50.700, 100.000, 99.928, 22.990, 0.736, 9.183, 15.430, 9.936
50.800, 100.000, 99.926, 22.955, 0.733, 9.141, 15.413, 9.909
50.900, 100.000, 99.926, 22.949, 0.732, 9.078, 15.398, 9.878
51.000, 100.000, 99.924, 22.913, 0.729, 8.999, 15.381, 9.835
51.100, 100.000, 99.924, 22.901, 0.727, 8.952, 15.364, 9.800
51.200, 100.000, 99.923, 22.871, 0.724, 8.900, 15.348, 9.754
51.300, 100.000, 99.922, 22.859, 0.720, 8.853, 15.331, 9.713
51.400, 100.000, 99.920, 22.836, 0.718, 8.832, 15.314, 9.688
51.500, 100.000, 99.918, 22.818, 0.716, 8.800, 15.296, 9.655
51.600, 100.000, 99.918, 22.788, 0.712, 8.759, 15.280, 9.629
51.700, 100.000, 99.916, 22.764, 0.709, 8.706, 15.262, 9.596
51.800, 100.000, 99.915, 22.728, 0.704, 8.675, 15.243, 9.569
51.900, 100.000, 99.913, 22.699, 0.701, 8.633, 15.225, 9.542
52.000, 100.000, 99.912, 22.657, 0.699, 8.596, 15.207, 9.509
52.100, 100.000, 99.909, 22.621, 0.696, 8.528, 15.190, 9.472
52.200, 100.000, 99.907, 22.579, 0.695, 8.476, 15.172, 9.431
52.300, 100.000, 99.904, 22.544, 0.694, 8.402, 15.153, 9.392
52.400, 100.000, 99.902, 22.532, 0.690, 8.350, 15.135, 9.363
52.500, 100.000, 99.900, 22.514, 0.685, 8.303, 15.117, 9.328
52.600, 100.000, 99.898, 22.496, 0.681, 8.292, 15.098, 9.303
52.700, 100.000, 99.897, 22.454, 0.676, 8.219, 15.080, 9.258
52.800, 100.000, 99.895, 22.425, 0.673, 8.151, 15.061, 9.223
52.900, 100.000, 99.894, 22.389, 0.672, 8.125, 15.045, 9.198
53.000, 100.000, 99.892, 22.353, 0.670, 8.057, 15.026, 9.153
53.100, 100.000, 99.891, 22.317, 0.669, 7.994, 15.007, 9.101
53.200, 100.000, 99.889, 22.288, 0.667, 7.941, 14.990, 9.066
53.300, 100.000, 99.887, 22.276, 0.666, 7.884, 14.972, 9.035
53.400, 100.000, 99.885, 22.246, 0.664, 7.831, 14.955, 9.000
53.500, 100.000, 99.884, 22.216, 0.661, 7.800, 14.937, 8.971
53.600, 100.000, 99.883, 22.210, 0.658, 7.748, 14.920, 8.936
53.700, 100.000, 99.881, 22.198, 0.656, 7.711, 14.902, 8.908
53.800, 100.000, 99.880, 22.163, 0.653, 7.664, 14.884, 8.872
53.900, 100.000, 99.878, 22.145, 0.651, 7.632, 14.867, 8.842
54.000, 100.000, 99.876, 22.115, 0.649, 7.596, 14.848, 8.815
54.100, 100.000, 99.875, 22.085, 0.648, 7.543, 14.830, 8.780
54.200, 100.000, 99.874, 22.044, 0.646, 7.480, 14.811, 8.734
54.300, 100.000, 99.872, 22.008, 0.644, 7.412, 14.793, 8.695
54.400, 100.000, 99.870, 21.972, 0.642, 7.334, 14.772, 8.646
54.500, 100.000, 99.869, 21.930, 0.640, 7.297, 14.755, 8.617
54.600, 100.000, 99.868, 21.895, 0.638, 7.260, 14.736, 8.590
54.700, 100.000, 99.867, 21.883, 0.635, 7.203, 14.719, 8.559
54.800, 100.000, 99.865, 21.871, 0.632, 7.171, 14.703, 8.530
54.900, 99.999, 99.863, 21.847, 0.632, 7.119, 14.684, 8.491
55.000, 99.999, 99.862, 21.841, 0.629, 7.077, 14.665, 8.458
55.100, 99.999, 99.859, 21.811, 0.626, 6.983, 14.647, 8.401
55.200, 99.999, 99.858, 21.764, 0.624, 6.946, 14.629, 8.366
55.300, 99.999, 99.856, 21.722, 0.621, 6.888, 14.609, 8.337
55.400, 99.998, 99.854, 21.692, 0.620, 6.841, 14.589, 8.308
55.500, 99.997, 99.851, 21.651, 0.618, 6.773, 14.570, 8.265
55.600, 99.997, 99.850, 21.621, 0.616, 6.731, 14.554, 8.236
55.700, 99.996, 99.847, 21.615, 0.615, 6.679, 14.537, 8.203
55.800, 99.995, 99.846, 21.579, 0.612, 6.653, 14.520, 8.182
55.900, 99.995, 99.844, 21.537, 0.609, 6.616, 14.502, 8.155
56.000, 99.995, 99.842, 21.526, 0.607, 6.569, 14.485, 8.102
56.100, 99.995, 99.841, 21.478, 0.606, 6.517, 14.468, 8.067
56.200, 99.994, 99.837, 21.430, 0.603, 6.496, 14.452, 8.048
56.300, 99.994, 99.836, 21.401, 0.603, 6.443, 14.434, 8.011
56.400, 99.993, 99.832, 21.377, 0.601, 6.406, 14.418, 7.980
56.500, 99.991, 99.829, 21.323, 0.599, 6.375, 14.402, 7.958
56.600, 99.991, 99.827, 21.305, 0.595, 6.296, 14.384, 7.902
56.700, 99.990, 99.822, 21.299, 0.591, 6.265, 14.365, 7.871
56.800, 99.988, 99.818, 21.281, 0.590, 6.223, 14.347, 7.836
56.900, 99.987, 99.813, 21.234, 0.588, 6.150, 14.329, 7.793
57.000, 99.986, 99.808, 21.216, 0.587, 6.108, 14.310, 7.768
57.100, 99.985, 99.804, 21.186, 0.584, 6.082, 14.293, 7.731
57.200, 99.984, 99.800, 21.150, 0.581, 5.993, 14.275, 7.679
57.300, 99.983, 99.796, 21.121, 0.579, 5.940, 14.260, 7.655
57.400, 99.983, 99.791, 21.097, 0.578, 5.914, 14.243, 7.632
57.500, 99.982, 99.785, 21.079, 0.576, 5.867, 14.226, 7.591
57.600, 99.981, 99.779, 21.037, 0.573, 5.799, 14.209, 7.548
57.700, 99.980, 99.773, 21.013, 0.572, 5.757, 14.189, 7.517
57.800, 99.977, 99.769, 20.960, 0.569, 5.710, 14.172, 7.475
57.900, 99.976, 99.766, 20.936, 0.568, 5.631, 14.156, 7.434
58.000, 99.974, 99.762, 20.900, 0.566, 5.568, 14.138, 7.395
58.100, 99.970, 99.755, 20.882, 0.565, 5.516, 14.118, 7.352
58.200, 99.969, 99.751, 20.847, 0.563, 5.453, 14.100, 7.317
58.300, 99.968, 99.745, 20.799, 0.559, 5.411, 14.082, 7.288
58.400, 99.968, 99.743, 20.775, 0.557, 5.327, 14.066, 7.241
58.500, 99.965, 99.737, 20.751, 0.555, 5.285, 14.047, 7.206
58.600, 99.965, 99.735, 20.716, 0.552, 5.244, 14.030, 7.171
58.700, 99.961, 99.728, 20.686, 0.549, 5.202, 14.011, 7.133
58.800, 99.960, 99.724, 20.668, 0.546, 5.160, 13.993, 7.092
58.900, 99.958, 99.720, 20.638, 0.544, 5.123, 13.976, 7.057
59.000, 99.957, 99.713, 20.620, 0.543, 5.086, 13.958, 7.020
59.100, 99.956, 99.708, 20.603, 0.540, 5.034, 13.940, 6.985
59.200, 99.954, 99.702, 20.585, 0.538, 4.987, 13.922, 6.950
59.300, 99.952, 99.696, 20.555, 0.535, 4.924, 13.905, 6.915
59.400, 99.951, 99.692, 20.549, 0.533, 4.887, 13.888, 6.886
59.500, 99.949, 99.687, 20.519, 0.531, 4.861, 13.868, 6.861
59.600, 99.948, 99.684, 20.501, 0.530, 4.809, 13.850, 6.828
59.700, 99.945, 99.676, 20.460, 0.529, 4.783, 13.832, 6.806
59.800, 99.942, 99.669, 20.430, 0.527, 4.730, 13.814, 6.756
59.900, 99.941, 99.662, 20.388, 0.526, 4.694, 13.795, 6.728
60.000, 99.940, 99.656, 20.353, 0.525, 4.641, 13.778, 6.695
60.100, 99.939, 99.651, 20.335, 0.523, 4.589, 13.761, 6.664
60.200, 99.938, 99.645, 20.317, 0.521, 4.505, 13.743, 6.610
60.300, 99.936, 99.639, 20.251, 0.520, 4.453, 13.726, 6.579
60.400, 99.933, 99.633, 20.233, 0.518, 4.411, 13.708, 6.554
60.500, 99.931, 99.624, 20.210, 0.515, 4.332, 13.691, 6.493
60.600, 99.929, 99.618, 20.192, 0.514, 4.259, 13.673, 6.453
60.700, 99.928, 99.612, 20.156, 0.513, 4.180, 13.655, 6.400
60.800, 99.927, 99.606, 20.126, 0.511, 4.107, 13.636, 6.348
60.900, 99.926, 99.598, 20.102, 0.509, 4.060, 13.620, 6.315
61.000, 99.923, 99.591, 20.096, 0.507, 3.997, 13.600, 6.264
61.100, 99.921, 99.582, 20.079, 0.504, 3.955, 13.580, 6.237
61.200, 99.920, 99.574, 20.043, 0.502, 3.918, 13.562, 6.204
61.300, 99.918, 99.569, 19.983, 0.499, 3.855, 13.542, 6.167
61.400, 99.917, 99.565, 19.936, 0.498, 3.798, 13.525, 6.126
61.500, 99.912, 99.554, 19.906, 0.495, 3.735, 13.507, 6.081
61.600, 99.909, 99.548, 19.882, 0.493, 3.693, 13.489, 6.035
61.700, 99.908, 99.540, 19.829, 0.490, 3.656, 13.470, 6.004
61.800, 99.906, 99.533, 19.787, 0.487, 3.588, 13.451, 5.967
61.900, 99.904, 99.526, 19.769, 0.483, 3.515, 13.432, 5.912
62.000, 99.902, 99.521, 19.751, 0.480, 3.478, 13.413, 5.885
62.100, 99.899, 99.512, 19.715, 0.479, 3.410, 13.395, 5.835
62.200, 99.898, 99.504, 19.698, 0.475, 3.363, 13.376, 5.796
62.300, 99.897, 99.499, 19.656, 0.473, 3.321, 13.360, 5.751
62.400, 99.893, 99.491, 19.626, 0.472, 3.295, 13.340, 5.718
62.500, 99.892, 99.483, 19.608, 0.471, 3.258, 13.321, 5.685
62.600, 99.889, 99.477, 19.584, 0.469, 3.216, 13.304, 5.648
62.700, 99.887, 99.467, 19.537, 0.467, 3.164, 13.285, 5.611
62.800, 99.882, 99.457, 19.495, 0.466, 3.127, 13.267, 5.576
62.900, 99.878, 99.450, 19.477, 0.465, 3.054, 13.248, 5.528
63.000, 99.874, 99.441, 19.436, 0.463, 3.012, 13.229, 5.495
63.100, 99.872, 99.432, 19.400, 0.461, 2.975, 13.211, 5.469
63.200, 99.868, 99.421, 19.382, 0.460, 2.886, 13.192, 5.419
63.300, 99.866, 99.411, 19.322, 0.457, 2.829, 13.175, 5.372
63.400, 99.865, 99.404, 19.281, 0.456, 2.797, 13.158, 5.337
63.500, 99.861, 99.395, 19.251, 0.455, 2.761, 13.140, 5.300
63.600, 99.857, 99.387, 19.221, 0.454, 2.724, 13.121, 5.265
63.700, 99.854, 99.378, 19.197, 0.451, 2.677, 13.102, 5.230
63.800, 99.851, 99.368, 19.156, 0.450, 2.609, 13.083, 5.182
63.900, 99.850, 99.359, 19.144, 0.449, 2.546, 13.064, 5.131
64.000, 99.845, 99.349, 19.126, 0.447, 2.478, 13.046, 5.083
64.100, 99.844, 99.341, 19.084, 0.445, 2.452, 13.028, 5.046
64.200, 99.841, 99.332, 19.048, 0.444, 2.394, 13.008, 5.007
64.300, 99.838, 99.325, 19.019, 0.443, 2.352, 12.990, 4.964
64.400, 99.833, 99.312, 18.977, 0.440, 2.315, 12.971, 4.927
64.500, 99.830, 99.304, 18.929, 0.438, 2.284, 12.952, 4.892
64.600, 99.827, 99.294, 18.888, 0.434, 2.273, 12.934, 4.865
64.700, 99.823, 99.284, 18.834, 0.432, 2.252, 12.915, 4.826
64.800, 99.819, 99.274, 18.786, 0.431, 2.184, 12.896, 4.768
64.900, 99.816, 99.264, 18.751, 0.430, 2.148, 12.878, 4.729
65.000, 99.812, 99.253, 18.727, 0.428, 2.132, 12.859, 4.692
65.100, 99.810, 99.242, 18.697, 0.426, 2.101, 12.838, 4.667
65.200, 99.805, 99.232, 18.644, 0.424, 2.069, 12.819, 4.636
65.300, 99.801, 99.220, 18.614, 0.421, 2.043, 12.801, 4.599
65.400, 99.798, 99.210, 18.572, 0.420, 2.001, 12.781, 4.554
65.500, 99.794, 99.201, 18.536, 0.415, 1.964, 12.762, 4.515
65.600, 99.790, 99.189, 18.530, 0.414, 1.938, 12.744, 4.486
65.700, 99.784, 99.178, 18.519, 0.411, 1.902, 12.724, 4.449
65.800, 99.781, 99.168, 18.483, 0.410, 1.839, 12.705, 4.395
65.900, 99.776, 99.156, 18.459, 0.408, 1.802, 12.687, 4.358
66.000, 99.771, 99.143, 18.441, 0.407, 1.781, 12.669, 4.321
66.100, 99.768, 99.134, 18.393, 0.406, 1.755, 12.649, 4.290
66.200, 99.760, 99.121, 18.382, 0.405, 1.708, 12.629, 4.238
66.300, 99.757, 99.108, 18.370, 0.401, 1.666, 12.610, 4.199
66.400, 99.753, 99.096, 18.340, 0.400, 1.603, 12.591, 4.137
66.500, 99.748, 99.085, 18.322, 0.398, 1.572, 12.571, 4.105
66.600, 99.745, 99.072, 18.304, 0.397, 1.503, 12.552, 4.051
66.700, 99.741, 99.061, 18.280, 0.396, 1.472, 12.532, 4.014
66.800, 99.739, 99.046, 18.251, 0.394, 1.425, 12.511, 3.962
66.900, 99.735, 99.036, 18.239, 0.392, 1.393, 12.491, 3.917
67.000, 99.730, 99.020, 18.221, 0.391, 1.367, 12.472, 3.874
67.100, 99.725, 99.006, 18.203, 0.391, 1.346, 12.454, 3.835
67.200, 99.722, 98.994, 18.155, 0.390, 1.304, 12.434, 3.804
67.300, 99.717, 98.982, 18.108, 0.389, 1.268, 12.413, 3.765
67.400, 99.713, 98.969, 18.048, 0.388, 1.257, 12.394, 3.721
67.500, 99.710, 98.955, 17.983, 0.386, 1.226, 12.375, 3.688
67.600, 99.705, 98.942, 17.941, 0.385, 1.194, 12.355, 3.649
67.700, 99.701, 98.928, 17.923, 0.382, 1.163, 12.336, 3.608
67.800, 99.695, 98.919, 17.905, 0.381, 1.137, 12.317, 3.571
67.900, 99.689, 98.906, 17.899, 0.377, 1.116, 12.297, 3.532
68.000, 99.684, 98.895, 17.881, 0.375, 1.063, 12.277, 3.490
68.100, 99.677, 98.881, 17.864, 0.375, 1.021, 12.256, 3.447
68.200, 99.673, 98.865, 17.828, 0.372, 1.001, 12.236, 3.418
68.300, 99.666, 98.849, 17.804, 0.370, 0.969, 12.216, 3.354
68.400, 99.660, 98.835, 17.798, 0.367, 0.943, 12.197, 3.317
68.500, 99.651, 98.815, 17.768, 0.366, 0.896, 12.177, 3.276
68.600, 99.646, 98.800, 17.738, 0.363, 0.870, 12.157, 3.225
68.700, 99.640, 98.783, 17.727, 0.361, 0.833, 12.136, 3.171
68.800, 99.629, 98.764, 17.703, 0.358, 0.817, 12.115, 3.128
68.900, 99.621, 98.745, 17.673, 0.356, 0.801, 12.094, 3.101
69.000, 99.614, 98.732, 17.649, 0.355, 0.786, 12.074, 3.068
69.100, 99.607, 98.714, 17.619, 0.353, 0.749, 12.052, 3.006
69.200, 99.598, 98.695, 17.596, 0.352, 0.739, 12.031, 2.969
69.300, 99.590, 98.673, 17.578, 0.351, 0.702, 12.011, 2.922
69.400, 99.582, 98.655, 17.572, 0.350, 0.686, 11.989, 2.891
69.500, 99.577, 98.637, 17.542, 0.348, 0.650, 11.969, 2.841
69.600, 99.572, 98.619, 17.488, 0.346, 0.623, 11.949, 2.796
69.700, 99.563, 98.596, 17.471, 0.344, 0.592, 11.930, 2.751
69.800, 99.553, 98.574, 17.453, 0.343, 0.561, 11.907, 2.701
69.900, 99.545, 98.550, 17.411, 0.342, 0.524, 11.887, 2.648
70.000, 99.532, 98.526, 17.369, 0.340, 0.503, 11.865, 2.604
70.100, 99.523, 98.503, 17.340, 0.338, 0.487, 11.844, 2.563
70.200, 99.515, 98.478, 17.298, 0.336, 0.477, 11.822, 2.530
70.300, 99.501, 98.454, 17.280, 0.334, 0.445, 11.800, 2.479
70.400, 99.491, 98.427, 17.256, 0.333, 0.430, 11.780, 2.440
70.500, 99.476, 98.398, 17.238, 0.330, 0.414, 11.758, 2.394
70.600, 99.463, 98.374, 17.214, 0.329, 0.393, 11.738, 2.345
70.700, 99.452, 98.348, 17.191, 0.328, 0.388, 11.717, 2.308
70.800, 99.441, 98.325, 17.143, 0.326, 0.372, 11.697, 2.256
70.900, 99.426, 98.298, 17.125, 0.323, 0.367, 11.675, 2.234
71.000, 99.410, 98.268, 17.107, 0.322, 0.356, 11.655, 2.194
71.100, 99.391, 98.237, 17.089, 0.318, 0.340, 11.633, 2.147
71.200, 99.378, 98.206, 17.066, 0.317, 0.335, 11.611, 2.122
71.300, 99.364, 98.177, 17.036, 0.315, 0.314, 11.593, 2.071
71.400, 99.351, 98.144, 17.018, 0.315, 0.293, 11.568, 2.015
71.500, 99.338, 98.117, 16.988, 0.314, 0.283, 11.546, 1.984
71.600, 99.322, 98.088, 16.982, 0.312, 0.262, 11.523, 1.937
71.700, 99.304, 98.054, 16.964, 0.309, 0.251, 11.502, 1.894
71.800, 99.285, 98.021, 16.935, 0.309, 0.241, 11.478, 1.865
71.900, 99.268, 97.988, 16.911, 0.308, 0.225, 11.456, 1.821
72.000, 99.249, 97.958, 16.899, 0.306, 0.220, 11.431, 1.784
72.100, 99.227, 97.920, 16.851, 0.305, 0.210, 11.407, 1.737
72.200, 99.197, 97.880, 16.839, 0.303, 0.199, 11.382, 1.685
72.300, 99.176, 97.843, 16.780, 0.302, 0.183, 11.359, 1.640
72.400, 99.152, 97.801, 16.726, 0.301, 0.178, 11.334, 1.609
72.500, 99.129, 97.766, 16.673, 0.300, 0.168, 11.311, 1.564
72.600, 99.101, 97.725, 16.643, 0.299, 0.157, 11.288, 1.541
72.700, 99.084, 97.689, 16.601, 0.298, 0.147, 11.265, 1.521
72.800, 99.061, 97.650, 16.548, 0.297, 0.136, 11.241, 1.477
72.900, 99.039, 97.612, 16.530, 0.295, 0.126, 11.219, 1.442
73.000, 99.015, 97.573, 16.506, 0.294, 0.115, 11.195, 1.409
73.100, 98.992, 97.528, 16.464, 0.291, 0.100, 11.170, 1.356
73.200, 98.975, 97.492, 16.423, 0.290, 0.100, 11.148, 1.329
73.300, 98.956, 97.456, 16.411, 0.288, 0.100, 11.124, 1.288
73.400, 98.933, 97.415, 16.375, 0.287, 0.100, 11.100, 1.257
73.500, 98.908, 97.374, 16.369, 0.285, 0.094, 11.077, 1.220
73.600, 98.886, 97.334, 16.333, 0.283, 0.094, 11.055, 1.201
73.700, 98.863, 97.288, 16.315, 0.281, 0.089, 11.031, 1.164
73.800, 98.833, 97.244, 16.274, 0.279, 0.063, 11.006, 1.139
73.900, 98.804, 97.197, 16.226, 0.278, 0.052, 10.984, 1.123
74.000, 98.770, 97.147, 16.172, 0.274, 0.037, 10.960, 1.084
74.100, 98.744, 97.103, 16.131, 0.271, 0.031, 10.936, 1.049
74.200, 98.719, 97.059, 16.071, 0.268, 0.021, 10.913, 1.003
74.300, 98.694, 97.020, 16.059, 0.266, 0.016, 10.890, 0.983
74.400, 98.667, 96.973, 16.030, 0.265, 0.010, 10.866, 0.950
74.500, 98.644, 96.927, 16.000, 0.264, 0.010, 10.842, 0.927
74.600, 98.618, 96.885, 15.940, 0.263, 0.010, 10.818, 0.898
74.700, 98.598, 96.845, 15.887, 0.262, 0.010, 10.795, 0.884
74.800, 98.573, 96.804, 15.839, 0.260, 0.005, 10.771, 0.837
74.900, 98.549, 96.763, 15.785, 0.259, 0.005, 10.750, 0.791
75.000, 98.518, 96.720, 15.732, 0.257, 0.005, 10.726, 0.775
75.100, 98.495, 96.679, 15.678, 0.254, 0.005, 10.705, 0.754
75.200, 98.469, 96.638, 15.648, 0.251, 0.005, 10.683, 0.721
75.300, 98.438, 96.594, 15.631, 0.249, 0.005, 10.660, 0.699
75.400, 98.412, 96.552, 15.613, 0.248, 0.005, 10.639, 0.666
75.500, 98.386, 96.507, 15.589, 0.247, 0.000, 10.615, 0.631
75.600, 98.355, 96.455, 15.547, 0.246, 0.000, 10.591, 0.622
75.700, 98.333, 96.412, 15.535, 0.245, 0.000, 10.568, 0.608
75.800, 98.307, 96.374, 15.529, 0.243, 0.000, 10.545, 0.581
75.900, 98.271, 96.319, 15.517, 0.241, 0.000, 10.522, 0.558
76.000, 98.243, 96.271, 15.494, 0.240, 0.000, 10.497, 0.538
76.100, 98.218, 96.228, 15.458, 0.239, 0.000, 10.476, 0.511
76.200, 98.187, 96.181, 15.440, 0.238, 0.000, 10.453, 0.492
76.300, 98.168, 96.141, 15.404, 0.237, 0.000, 10.430, 0.464
76.400, 98.142, 96.098, 15.375, 0.236, 0.000, 10.407, 0.447
76.500, 98.113, 96.048, 15.357, 0.234, 0.000, 10.384, 0.420
76.600, 98.093, 96.008, 15.333, 0.232, 0.000, 10.361, 0.396
76.700, 98.062, 95.958, 15.321, 0.230, 0.000, 10.336, 0.383
76.800, 98.032, 95.910, 15.291, 0.228, 0.000, 10.311, 0.367
76.900, 98.005, 95.860, 15.249, 0.227, 0.000, 10.289, 0.346
77.000, 97.977, 95.807, 15.208, 0.227, 0.000, 10.264, 0.334
77.100, 97.946, 95.755, 15.178, 0.226, 0.000, 10.241, 0.315
77.200, 97.914, 95.701, 15.154, 0.225, 0.000, 10.216, 0.295
77.300, 97.875, 95.641, 15.148, 0.224, 0.000, 10.189, 0.288
77.400, 97.842, 95.591, 15.118, 0.222, 0.000, 10.168, 0.280
77.500, 97.810, 95.538, 15.083, 0.221, 0.000, 10.145, 0.276
77.600, 97.774, 95.488, 15.077, 0.219, 0.000, 10.123, 0.268
77.700, 97.745, 95.437, 15.047, 0.218, 0.000, 10.100, 0.251
77.800, 97.716, 95.393, 15.035, 0.216, 0.000, 10.078, 0.243
77.900, 97.689, 95.350, 15.005, 0.215, 0.000, 10.056, 0.231
78.000, 97.657, 95.295, 14.970, 0.211, 0.000, 10.033, 0.218
78.100, 97.632, 95.245, 14.928, 0.209, 0.000, 10.010, 0.204
78.200, 97.602, 95.188, 14.922, 0.207, 0.000, 9.986, 0.194
78.300, 97.572, 95.137, 14.892, 0.205, 0.000, 9.963, 0.190
78.400, 97.540, 95.087, 14.886, 0.205, 0.000, 9.941, 0.175
78.500, 97.511, 95.035, 14.851, 0.202, 0.000, 9.918, 0.163
78.600, 97.486, 94.983, 14.827, 0.199, 0.000, 9.894, 0.148
78.700, 97.454, 94.930, 14.779, 0.196, 0.000, 9.873, 0.142
78.800, 97.427, 94.884, 14.761, 0.194, 0.000, 9.850, 0.138
78.900, 97.394, 94.833, 14.737, 0.194, 0.000, 9.827, 0.126
79.000, 97.360, 94.773, 14.690, 0.193, 0.000, 9.805, 0.117
79.100, 97.320, 94.713, 14.660, 0.192, 0.000, 9.781, 0.113
79.200, 97.286, 94.663, 14.612, 0.192, 0.000, 9.758, 0.113
79.300, 97.257, 94.600, 14.583, 0.191, 0.000, 9.734, 0.109
79.400, 97.230, 94.552, 14.577, 0.189, 0.000, 9.712, 0.099
79.500, 97.201, 94.500, 14.565, 0.188, 0.000, 9.688, 0.093
79.600, 97.177, 94.451, 14.535, 0.186, 0.000, 9.666, 0.087
79.700, 97.145, 94.395, 14.511, 0.185, 0.000, 9.643, 0.082
79.800, 97.102, 94.335, 14.493, 0.185, 0.000, 9.621, 0.074
79.900, 97.063, 94.278, 14.469, 0.185, 0.000, 9.599, 0.074
80.000, 97.032, 94.217, 14.452, 0.182, 0.000, 9.576, 0.070
80.100, 97.001, 94.159, 14.434, 0.181, 0.000, 9.553, 0.066
80.200, 96.964, 94.096, 14.398, 0.180, 0.000, 9.529, 0.062
80.300, 96.928, 94.039, 14.374, 0.179, 0.000, 9.506, 0.062
80.400, 96.889, 93.977, 14.368, 0.177, 0.000, 9.484, 0.062
80.500, 96.853, 93.910, 14.368, 0.177, 0.000, 9.460, 0.060
80.600, 96.813, 93.851, 14.338, 0.174, 0.000, 9.436, 0.056
80.700, 96.772, 93.787, 14.321, 0.174, 0.000, 9.412, 0.052
80.800, 96.731, 93.720, 14.285, 0.172, 0.000, 9.387, 0.049
80.900, 96.684, 93.651, 14.231, 0.171, 0.000, 9.362, 0.043
81.000, 96.651, 93.592, 14.178, 0.168, 0.000, 9.338, 0.041
81.100, 96.612, 93.525, 14.160, 0.167, 0.000, 9.315, 0.041
81.200, 96.567, 93.460, 14.130, 0.167, 0.000, 9.291, 0.037
81.300, 96.529, 93.392, 14.106, 0.165, 0.000, 9.266, 0.033
81.400, 96.491, 93.319, 14.065, 0.165, 0.000, 9.241, 0.031
81.500, 96.444, 93.250, 14.029, 0.163, 0.000, 9.217, 0.029
81.600, 96.395, 93.183, 13.993, 0.161, 0.000, 9.194, 0.025
81.700, 96.349, 93.111, 13.945, 0.161, 0.000, 9.171, 0.023
81.800, 96.306, 93.049, 13.910, 0.159, 0.000, 9.149, 0.023
81.900, 96.250, 92.972, 13.844, 0.159, 0.000, 9.124, 0.023
82.000, 96.208, 92.909, 13.809, 0.157, 0.000, 9.100, 0.023
82.100, 96.163, 92.840, 13.761, 0.157, 0.000, 9.077, 0.023
82.200, 96.113, 92.768, 13.737, 0.155, 0.000, 9.054, 0.019
82.300, 96.054, 92.688, 13.701, 0.155, 0.000, 9.027, 0.019
82.400, 95.994, 92.609, 13.678, 0.154, 0.000, 9.002, 0.019
82.500, 95.954, 92.539, 13.630, 0.152, 0.000, 8.978, 0.016
82.600, 95.903, 92.457, 13.541, 0.152, 0.000, 8.953, 0.016
82.700, 95.854, 92.381, 13.487, 0.151, 0.000, 8.927, 0.010
82.800, 95.795, 92.298, 13.445, 0.151, 0.000, 8.902, 0.010
82.900, 95.741, 92.207, 13.392, 0.151, 0.000, 8.876, 0.010
83.000, 95.685, 92.123, 13.380, 0.148, 0.000, 8.852, 0.010
83.100, 95.628, 92.037, 13.356, 0.148, 0.000, 8.826, 0.010
83.200, 95.576, 91.953, 13.332, 0.147, 0.000, 8.803, 0.010
83.300, 95.521, 91.866, 13.290, 0.146, 0.000, 8.778, 0.010
83.400, 95.469, 91.786, 13.225, 0.145, 0.000, 8.753, 0.010
83.500, 95.409, 91.699, 13.207, 0.144, 0.000, 8.727, 0.010
83.600, 95.356, 91.618, 13.165, 0.142, 0.000, 8.702, 0.010
83.700, 95.303, 91.539, 13.142, 0.142, 0.000, 8.680, 0.010
83.800, 95.248, 91.455, 13.118, 0.142, 0.000, 8.655, 0.008
83.900, 95.183, 91.357, 13.094, 0.142, 0.000, 8.630, 0.006
84.000, 95.127, 91.270, 13.052, 0.140, 0.000, 8.606, 0.006
84.100, 95.060, 91.169, 12.999, 0.139, 0.000, 8.580, 0.006
84.200, 95.004, 91.089, 12.969, 0.139, 0.000, 8.556, 0.006
84.300, 94.938, 90.997, 12.933, 0.138, 0.000, 8.531, 0.006
84.400, 94.852, 90.890, 12.909, 0.135, 0.000, 8.505, 0.006
84.500, 94.775, 90.793, 12.838, 0.133, 0.000, 8.479, 0.006
84.600, 94.706, 90.689, 12.814, 0.133, 0.000, 8.454, 0.006
84.700, 94.641, 90.593, 12.772, 0.132, 0.000, 8.431, 0.006
84.800, 94.570, 90.495, 12.743, 0.132, 0.000, 8.405, 0.002
84.900, 94.506, 90.400, 12.719, 0.131, 0.000, 8.380, 0.002
85.000, 94.435, 90.309, 12.701, 0.129, 0.000, 8.357, 0.002
85.100, 94.363, 90.206, 12.677, 0.128, 0.000, 8.332, 0.002
85.200, 94.299, 90.113, 12.647, 0.126, 0.000, 8.307, 0.002
85.300, 94.231, 90.015, 12.594, 0.126, 0.000, 8.283, 0.002
85.400, 94.168, 89.913, 12.570, 0.124, 0.000, 8.258, 0.000
85.500, 94.096, 89.808, 12.558, 0.123, 0.000, 8.232, 0.000
85.600, 94.018, 89.701, 12.522, 0.121, 0.000, 8.210, 0.000
85.700, 93.948, 89.605, 12.493, 0.121, 0.000, 8.186, 0.000
85.800, 93.872, 89.500, 12.451, 0.120, 0.000, 8.163, 0.000
85.900, 93.809, 89.404, 12.409, 0.120, 0.000, 8.138, 0.000
86.000, 93.752, 89.314, 12.350, 0.117, 0.000, 8.115, 0.000
86.100, 93.687, 89.219, 12.296, 0.117, 0.000, 8.093, 0.000
86.200, 93.620, 89.121, 12.278, 0.115, 0.000, 8.071, 0.000
86.300, 93.554, 89.023, 12.231, 0.115, 0.000, 8.049, 0.000
86.400, 93.481, 88.922, 12.225, 0.114, 0.000, 8.027, 0.000
86.500, 93.406, 88.818, 12.189, 0.113, 0.000, 8.003, 0.000
86.600, 93.336, 88.710, 12.159, 0.112, 0.000, 7.979, 0.000
86.700, 93.268, 88.613, 12.135, 0.112, 0.000, 7.957, 0.000
86.800, 93.191, 88.507, 12.100, 0.111, 0.000, 7.933, 0.000
86.900, 93.112, 88.389, 12.064, 0.110, 0.000, 7.908, 0.000
87.000, 93.028, 88.274, 12.052, 0.110, 0.000, 7.885, 0.000
87.100, 92.962, 88.169, 12.016, 0.110, 0.000, 7.862, 0.000
87.200, 92.882, 88.064, 11.998, 0.109, 0.000, 7.840, 0.000
87.300, 92.805, 87.949, 11.975, 0.108, 0.000, 7.816, 0.000
87.400, 92.729, 87.838, 11.915, 0.107, 0.000, 7.792, 0.000
87.500, 92.654, 87.734, 11.867, 0.107, 0.000, 7.770, 0.000
87.600, 92.572, 87.616, 11.826, 0.106, 0.000, 7.747, 0.000
87.700, 92.487, 87.501, 11.802, 0.105, 0.000, 7.725, 0.000
87.800, 92.397, 87.377, 11.760, 0.104, 0.000, 7.700, 0.000
87.900, 92.318, 87.264, 11.730, 0.104, 0.000, 7.677, 0.000
88.000, 92.216, 87.136, 11.701, 0.102, 0.000, 7.653, 0.000
88.100, 92.132, 87.017, 11.689, 0.101, 0.000, 7.630, 0.000
88.200, 92.038, 86.896, 11.635, 0.101, 0.000, 7.604, 0.000
88.300, 91.950, 86.770, 11.611, 0.098, 0.000, 7.581, 0.000
88.400, 91.858, 86.643, 11.582, 0.097, 0.000, 7.557, 0.000
88.500, 91.771, 86.532, 11.528, 0.096, 0.000, 7.535, 0.000
88.600, 91.681, 86.407, 11.486, 0.095, 0.000, 7.511, 0.000
88.700, 91.579, 86.285, 11.427, 0.095, 0.000, 7.488, 0.000
88.800, 91.480, 86.152, 11.391, 0.094, 0.000, 7.463, 0.000
88.900, 91.372, 86.015, 11.349, 0.093, 0.000, 7.439, 0.000
89.000, 91.263, 85.873, 11.272, 0.093, 0.000, 7.413, 0.000
89.100, 91.163, 85.748, 11.236, 0.092, 0.000, 7.392, 0.000
89.200, 91.050, 85.607, 11.177, 0.091, 0.000, 7.367, 0.000
89.300, 90.938, 85.467, 11.081, 0.090, 0.000, 7.344, 0.000
89.400, 90.827, 85.325, 11.028, 0.089, 0.000, 7.320, 0.000
89.500, 90.708, 85.181, 10.944, 0.087, 0.000, 7.297, 0.000
89.600, 90.588, 85.039, 10.921, 0.086, 0.000, 7.273, 0.000
89.700, 90.470, 84.896, 10.885, 0.086, 0.000, 7.250, 0.000
89.800, 90.332, 84.736, 10.807, 0.086, 0.000, 7.224, 0.000
89.900, 90.206, 84.578, 10.778, 0.084, 0.000, 7.199, 0.000
90.000, 90.069, 84.425, 10.748, 0.082, 0.000, 7.175, 0.000
90.100, 89.929, 84.268, 10.712, 0.081, 0.000, 7.150, 0.000
90.200, 89.792, 84.104, 10.676, 0.080, 0.000, 7.124, 0.000
90.300, 89.640, 83.930, 10.670, 0.079, 0.000, 7.100, 0.000
90.400, 89.483, 83.746, 10.635, 0.079, 0.000, 7.074, 0.000
90.500, 89.331, 83.586, 10.599, 0.078, 0.000, 7.049, 0.000
90.600, 89.184, 83.408, 10.569, 0.077, 0.000, 7.024, 0.000
90.700, 89.026, 83.236, 10.528, 0.076, 0.000, 6.999, 0.000
90.800, 88.872, 83.057, 10.468, 0.076, 0.000, 6.974, 0.000
90.900, 88.702, 82.867, 10.438, 0.075, 0.000, 6.949, 0.000
91.000, 88.531, 82.683, 10.403, 0.074, 0.000, 6.926, 0.000
91.100, 88.359, 82.490, 10.373, 0.074, 0.000, 6.900, 0.000
91.200, 88.183, 82.293, 10.331, 0.073, 0.000, 6.875, 0.000
91.300, 88.012, 82.099, 10.272, 0.073, 0.000, 6.848, 0.000
91.400, 87.819, 81.891, 10.218, 0.072, 0.000, 6.820, 0.000
91.500, 87.635, 81.689, 10.176, 0.071, 0.000, 6.793, 0.000
91.600, 87.439, 81.481, 10.141, 0.070, 0.000, 6.768, 0.000
91.700, 87.250, 81.263, 10.081, 0.069, 0.000, 6.740, 0.000
91.800, 87.063, 81.047, 10.033, 0.068, 0.000, 6.712, 0.000
91.900, 86.859, 80.817, 10.010, 0.066, 0.000, 6.683, 0.000
92.000, 86.635, 80.581, 9.980, 0.066, 0.000, 6.652, 0.000
92.100, 86.416, 80.351, 9.926, 0.065, 0.000, 6.622, 0.000
92.200, 86.214, 80.131, 9.879, 0.064, 0.000, 6.594, 0.000
92.300, 85.972, 79.882, 9.837, 0.063, 0.000, 6.567, 0.000
92.400, 85.737, 79.622, 9.825, 0.063, 0.000, 6.539, 0.000
92.500, 85.473, 79.349, 9.777, 0.063, 0.000, 6.508, 0.000
92.600, 85.195, 79.058, 9.724, 0.062, 0.000, 6.478, 0.000
92.700, 84.932, 78.779, 9.700, 0.061, 0.000, 6.446, 0.000
92.800, 84.665, 78.501, 9.646, 0.060, 0.000, 6.413, 0.000
92.900, 84.388, 78.217, 9.599, 0.058, 0.000, 6.379, 0.000
93.000, 84.120, 77.931, 9.557, 0.058, 0.000, 6.347, 0.000
93.100, 83.854, 77.636, 9.497, 0.058, 0.000, 6.314, 0.000
93.200, 83.554, 77.319, 9.420, 0.058, 0.000, 6.278, 0.000
93.300, 83.249, 77.012, 9.343, 0.057, 0.000, 6.245, 0.000
93.400, 82.929, 76.663, 9.277, 0.056, 0.000, 6.209, 0.000
93.500, 82.639, 76.352, 9.224, 0.055, 0.000, 6.176, 0.000
93.600, 82.299, 76.012, 9.128, 0.055, 0.000, 6.139, 0.000
93.700, 81.958, 75.664, 9.045, 0.055, 0.000, 6.103, 0.000
93.800, 81.629, 75.323, 8.962, 0.054, 0.000, 6.068, 0.000
93.900, 81.278, 74.981, 8.884, 0.053, 0.000, 6.032, 0.000
94.000, 80.922, 74.633, 8.759, 0.053, 0.000, 5.998, 0.000
94.100, 80.569, 74.282, 8.688, 0.051, 0.000, 5.962, 0.000
94.200, 80.191, 73.920, 8.604, 0.051, 0.000, 5.925, 0.000
94.300, 79.783, 73.542, 8.479, 0.050, 0.000, 5.892, 0.000
94.400, 79.396, 73.161, 8.348, 0.050, 0.000, 5.856, 0.000
94.500, 79.013, 72.792, 8.187, 0.050, 0.000, 5.819, 0.000
94.600, 78.600, 72.396, 8.027, 0.049, 0.000, 5.783, 0.000
94.700, 78.169, 71.987, 7.896, 0.049, 0.000, 5.746, 0.000
94.800, 77.727, 71.587, 7.771, 0.048, 0.000, 5.710, 0.000
94.900, 77.303, 71.177, 7.646, 0.047, 0.000, 5.671, 0.000
95.000, 76.835, 70.749, 7.509, 0.047, 0.000, 5.632, 0.000
95.100, 76.367, 70.306, 7.372, 0.046, 0.000, 5.593, 0.000
95.200, 75.891, 69.860, 7.253, 0.046, 0.000, 5.552, 0.000
95.300, 75.419, 69.403, 7.110, 0.045, 0.000, 5.511, 0.000
95.400, 74.906, 68.913, 6.955, 0.044, 0.000, 5.469, 0.000
95.500, 74.375, 68.416, 6.770, 0.042, 0.000, 5.425, 0.000
95.600, 73.830, 67.898, 6.639, 0.041, 0.000, 5.379, 0.000
95.700, 73.278, 67.378, 6.502, 0.041, 0.000, 5.333, 0.000
95.800, 72.716, 66.858, 6.359, 0.040, 0.000, 5.289, 0.000
95.900, 72.160, 66.338, 6.246, 0.040, 0.000, 5.241, 0.000
96.000, 71.604, 65.829, 6.103, 0.039, 0.000, 5.196, 0.000
96.100, 71.049, 65.315, 5.949, 0.038, 0.000, 5.149, 0.000
96.200, 70.496, 64.803, 5.812, 0.038, 0.000, 5.104, 0.000
96.300, 69.909, 64.274, 5.728, 0.038, 0.000, 5.060, 0.000
96.400, 69.328, 63.738, 5.597, 0.037, 0.000, 5.014, 0.000
96.500, 68.736, 63.200, 5.454, 0.037, 0.000, 4.967, 0.000
96.600, 68.137, 62.662, 5.353, 0.037, 0.000, 4.918, 0.000
96.700, 67.545, 62.129, 5.234, 0.036, 0.000, 4.869, 0.000
96.800, 66.959, 61.584, 5.097, 0.035, 0.000, 4.820, 0.000
96.900, 66.308, 61.005, 4.972, 0.034, 0.000, 4.769, 0.000
97.000, 65.657, 60.433, 4.865, 0.034, 0.000, 4.719, 0.000
97.100, 65.036, 59.864, 4.781, 0.033, 0.000, 4.666, 0.000
97.200, 64.397, 59.294, 4.633, 0.032, 0.000, 4.612, 0.000
97.300, 63.716, 58.691, 4.561, 0.030, 0.000, 4.556, 0.000
97.400, 63.010, 58.081, 4.478, 0.030, 0.000, 4.500, 0.000
97.500, 62.331, 57.488, 4.353, 0.029, 0.000, 4.443, 0.000
97.600, 61.598, 56.855, 4.252, 0.028, 0.000, 4.383, 0.000
97.700, 60.910, 56.234, 4.144, 0.028, 0.000, 4.323, 0.000
97.800, 60.163, 55.585, 3.995, 0.028, 0.000, 4.260, 0.000
97.900, 59.404, 54.901, 3.876, 0.028, 0.000, 4.196, 0.000
98.000, 58.610, 54.219, 3.710, 0.028, 0.000, 4.132, 0.000
98.100, 57.822, 53.521, 3.579, 0.028, 0.000, 4.062, 0.000
98.200, 57.003, 52.797, 3.466, 0.027, 0.000, 3.993, 0.000
98.300, 56.168, 52.040, 3.352, 0.027, 0.000, 3.917, 0.000
98.400, 55.350, 51.301, 3.209, 0.027, 0.000, 3.849, 0.000
98.500, 54.515, 50.543, 3.114, 0.025, 0.000, 3.775, 0.000
98.600, 53.675, 49.793, 2.971, 0.025, 0.000, 3.699, 0.000
98.700, 52.857, 49.039, 2.828, 0.025, 0.000, 3.620, 0.000
98.800, 51.970, 48.238, 2.733, 0.025, 0.000, 3.536, 0.000
98.900, 51.061, 47.431, 2.638, 0.024, 0.000, 3.454, 0.000
99.000, 50.189, 46.633, 2.549, 0.024, 0.000, 3.372, 0.000
99.100, 49.308, 45.805, 2.453, 0.024, 0.000, 3.287, 0.000
99.200, 48.442, 45.003, 2.340, 0.024, 0.000, 3.201, 0.000
99.300, 47.514, 44.132, 2.209, 0.023, 0.000, 3.120, 0.000
99.400, 46.541, 43.235, 2.096, 0.023, 0.000, 3.037, 0.000
99.500, 45.573, 42.319, 2.001, 0.022, 0.000, 2.952, 0.000
99.600, 44.650, 41.423, 1.846, 0.022, 0.000, 2.867, 0.000
99.700, 43.679, 40.514, 1.685, 0.022, 0.000, 2.780, 0.000
99.800, 42.694, 39.576, 1.530, 0.021, 0.000, 2.695, 0.000
99.900, 41.720, 38.653, 1.405, 0.020, 0.000, 2.606, 0.000
100.000, 40.710, 37.699, 1.322, 0.020, 0.000, 2.519, 0.000
100.100, 39.645, 36.696, 1.256, 0.019, 0.000, 2.427, 0.000
100.200, 38.657, 35.743, 1.155, 0.019, 0.000, 2.339, 0.000
100.300, 37.645, 34.802, 1.048, 0.018, 0.000, 2.254, 0.000
100.400, 36.584, 33.798, 1.000, 0.018, 0.000, 2.164, 0.000
100.500, 35.538, 32.824, 0.977, 0.018, 0.000, 2.077, 0.000
100.600, 34.493, 31.830, 0.941, 0.018, 0.000, 1.985, 0.000
100.700, 33.488, 30.884, 0.905, 0.018, 0.000, 1.901, 0.000
100.800, 32.529, 29.968, 0.863, 0.017, 0.000, 1.819, 0.000
100.900, 31.556, 29.040, 0.798, 0.017, 0.000, 1.739, 0.000
101.000, 30.626, 28.157, 0.750, 0.016, 0.000, 1.664, 0.000
101.100, 29.686, 27.264, 0.697, 0.016, 0.000, 1.585, 0.000
101.200, 28.810, 26.435, 0.673, 0.016, 0.000, 1.514, 0.000
101.300, 27.928, 25.574, 0.607, 0.016, 0.000, 1.443, 0.000
101.400, 27.050, 24.729, 0.578, 0.015, 0.000, 1.370, 0.000
101.500, 26.207, 23.903, 0.560, 0.015, 0.000, 1.305, 0.000
101.600, 25.358, 23.103, 0.530, 0.015, 0.000, 1.240, 0.000
101.700, 24.543, 22.312, 0.518, 0.014, 0.000, 1.179, 0.000
101.800, 23.753, 21.545, 0.482, 0.013, 0.000, 1.117, 0.000
101.900, 22.981, 20.785, 0.429, 0.012, 0.000, 1.053, 0.000
102.000, 22.255, 20.070, 0.381, 0.012, 0.000, 0.997, 0.000
102.100, 21.541, 19.374, 0.333, 0.011, 0.000, 0.943, 0.000
102.200, 20.870, 18.700, 0.310, 0.011, 0.000, 0.889, 0.000
102.300, 20.206, 18.034, 0.298, 0.011, 0.000, 0.838, 0.000
102.400, 19.534, 17.388, 0.292, 0.011, 0.000, 0.790, 0.000
102.500, 18.883, 16.751, 0.262, 0.010, 0.000, 0.743, 0.000
102.600, 18.274, 16.153, 0.250, 0.009, 0.000, 0.698, 0.000
102.700, 17.700, 15.570, 0.220, 0.009, 0.000, 0.657, 0.000
102.800, 17.111, 14.994, 0.196, 0.009, 0.000, 0.616, 0.000
102.900, 16.536, 14.441, 0.185, 0.008, 0.000, 0.576, 0.000
103.000, 15.954, 13.902, 0.173, 0.008, 0.000, 0.540, 0.000
103.100, 15.405, 13.384, 0.149, 0.007, 0.000, 0.507, 0.000
103.200, 14.885, 12.890, 0.137, 0.006, 0.000, 0.475, 0.000
103.300, 14.368, 12.412, 0.113, 0.006, 0.000, 0.443, 0.000
103.400, 13.886, 11.939, 0.107, 0.006, 0.000, 0.413, 0.000
103.500, 13.426, 11.490, 0.095, 0.005, 0.000, 0.385, 0.000
103.600, 12.964, 11.045, 0.095, 0.005, 0.000, 0.359, 0.000
103.700, 12.494, 10.603, 0.089, 0.004, 0.000, 0.334, 0.000
103.800, 12.035, 10.184, 0.077, 0.004, 0.000, 0.313, 0.000
103.900, 11.621, 9.789, 0.060, 0.004, 0.000, 0.290, 0.000
104.000, 11.205, 9.409, 0.048, 0.004, 0.000, 0.271, 0.000
104.100, 10.810, 9.057, 0.036, 0.004, 0.000, 0.254, 0.000
104.200, 10.406, 8.696, 0.024, 0.004, 0.000, 0.236, 0.000
104.300, 10.034, 8.351, 0.024, 0.004, 0.000, 0.219, 0.000
104.400, 9.651, 8.014, 0.018, 0.003, 0.000, 0.201, 0.000
104.500, 9.277, 7.682, 0.018, 0.003, 0.000, 0.187, 0.000
104.600, 8.934, 7.374, 0.018, 0.003, 0.000, 0.172, 0.000
104.700, 8.597, 7.053, 0.018, 0.003, 0.000, 0.159, 0.000
104.800, 8.262, 6.746, 0.012, 0.003, 0.000, 0.146, 0.000
104.900, 7.931, 6.444, 0.012, 0.002, 0.000, 0.135, 0.000
105.000, 7.609, 6.153, 0.006, 0.002, 0.000, 0.124, 0.000
105.100, 7.299, 5.865, 0.006, 0.002, 0.000, 0.112, 0.000
105.200, 7.005, 5.590, 0.006, 0.001, 0.000, 0.102, 0.000
105.300, 6.703, 5.320, 0.000, 0.001, 0.000, 0.092, 0.000
105.400, 6.428, 5.071, 0.000, 0.001, 0.000, 0.085, 0.000
105.500, 6.142, 4.819, 0.000, 0.001, 0.000, 0.077, 0.000
105.600, 5.852, 4.581, 0.000, 0.001, 0.000, 0.069, 0.000
105.700, 5.587, 4.353, 0.000, 0.001, 0.000, 0.063, 0.000
105.800, 5.309, 4.124, 0.000, 0.000, 0.000, 0.056, 0.000
105.900, 5.067, 3.922, 0.000, 0.000, 0.000, 0.051, 0.000
106.000, 4.807, 3.705, 0.000, 0.000, 0.000, 0.045, 0.000
106.100, 4.563, 3.504, 0.000, 0.000, 0.000, 0.041, 0.000
106.200, 4.341, 3.318, 0.000, 0.000, 0.000, 0.037, 0.000
106.300, 4.133, 3.151, 0.000, 0.000, 0.000, 0.034, 0.000
106.400, 3.926, 2.989, 0.000, 0.000, 0.000, 0.032, 0.000
106.500, 3.699, 2.813, 0.000, 0.000, 0.000, 0.028, 0.000
106.600, 3.477, 2.641, 0.000, 0.000, 0.000, 0.024, 0.000
106.700, 3.291, 2.494, 0.000, 0.000, 0.000, 0.022, 0.000
106.800, 3.107, 2.352, 0.000, 0.000, 0.000, 0.020, 0.000
106.900, 2.932, 2.210, 0.000, 0.000, 0.000, 0.017, 0.000
107.000, 2.763, 2.080, 0.000, 0.000, 0.000, 0.016, 0.000
107.100, 2.598, 1.953, 0.000, 0.000, 0.000, 0.014, 0.000
107.200, 2.423, 1.819, 0.000, 0.000, 0.000, 0.012, 0.000
107.300, 2.273, 1.702, 0.000, 0.000, 0.000, 0.011, 0.000
107.400, 2.115, 1.582, 0.000, 0.000, 0.000, 0.009, 0.000
107.500, 1.984, 1.481, 0.000, 0.000, 0.000, 0.008, 0.000
107.600, 1.832, 1.364, 0.000, 0.000, 0.000, 0.007, 0.000
107.700, 1.698, 1.256, 0.000, 0.000, 0.000, 0.006, 0.000
107.800, 1.576, 1.163, 0.000, 0.000, 0.000, 0.006, 0.000
107.900, 1.439, 1.059, 0.000, 0.000, 0.000, 0.005, 0.000
108.000, 1.302, 0.957, 0.000, 0.000, 0.000, 0.004, 0.000
108.100, 1.181, 0.864, 0.000, 0.000, 0.000, 0.003, 0.000
108.200, 1.072, 0.782, 0.000, 0.000, 0.000, 0.003, 0.000
108.300, 0.975, 0.707, 0.000, 0.000, 0.000, 0.002, 0.000
108.400, 0.888, 0.641, 0.000, 0.000, 0.000, 0.002, 0.000
108.500, 0.812, 0.585, 0.000, 0.000, 0.000, 0.002, 0.000
108.600, 0.732, 0.528, 0.000, 0.000, 0.000, 0.002, 0.000
108.700, 0.659, 0.476, 0.000, 0.000, 0.000, 0.001, 0.000
108.800, 0.596, 0.427, 0.000, 0.000, 0.000, 0.001, 0.000
108.900, 0.534, 0.380, 0.000, 0.000, 0.000, 0.001, 0.000
109.000, 0.477, 0.336, 0.000, 0.000, 0.000, 0.001, 0.000
109.100, 0.430, 0.301, 0.000, 0.000, 0.000, 0.001, 0.000
109.200, 0.384, 0.268, 0.000, 0.000, 0.000, 0.001, 0.000
109.300, 0.342, 0.237, 0.000, 0.000, 0.000, 0.001, 0.000
109.400, 0.307, 0.212, 0.000, 0.000, 0.000, 0.001, 0.000
109.500, 0.265, 0.182, 0.000, 0.000, 0.000, 0.000, 0.000
109.600, 0.235, 0.160, 0.000, 0.000, 0.000, 0.000, 0.000
109.700, 0.203, 0.137, 0.000, 0.000, 0.000, 0.000, 0.000
109.800, 0.174, 0.117, 0.000, 0.000, 0.000, 0.000, 0.000
109.900, 0.151, 0.100, 0.000, 0.000, 0.000, 0.000, 0.000
110.000, 0.130, 0.086, 0.000, 0.000, 0.000, 0.000, 0.000
110.100, 0.113, 0.074, 0.000, 0.000, 0.000, 0.000, 0.000
110.200, 0.099, 0.065, 0.000, 0.000, 0.000, 0.000, 0.000
110.300, 0.079, 0.052, 0.000, 0.000, 0.000, 0.000, 0.000
110.400, 0.069, 0.045, 0.000, 0.000, 0.000, 0.000, 0.000
110.500, 0.054, 0.036, 0.000, 0.000, 0.000, 0.000, 0.000
110.600, 0.041, 0.027, 0.000, 0.000, 0.000, 0.000, 0.000
110.700, 0.036, 0.024, 0.000, 0.000, 0.000, 0.000, 0.000
110.800, 0.029, 0.019, 0.000, 0.000, 0.000, 0.000, 0.000
110.900, 0.022, 0.014, 0.000, 0.000, 0.000, 0.000, 0.000
111.000, 0.017, 0.011, 0.000, 0.000, 0.000, 0.000, 0.000
111.100, 0.014, 0.009, 0.000, 0.000, 0.000, 0.000, 0.000
111.200, 0.013, 0.008, 0.000, 0.000, 0.000, 0.000, 0.000
111.300, 0.010, 0.007, 0.000, 0.000, 0.000, 0.000, 0.000
111.400, 0.009, 0.006, 0.000, 0.000, 0.000, 0.000, 0.000
111.500, 0.008, 0.005, 0.000, 0.000, 0.000, 0.000, 0.000
111.600, 0.008, 0.005, 0.000, 0.000, 0.000, 0.000, 0.000
111.700, 0.008, 0.005, 0.000, 0.000, 0.000, 0.000, 0.000
111.800, 0.006, 0.004, 0.000, 0.000, 0.000, 0.000, 0.000
111.900, 0.006, 0.004, 0.000, 0.000, 0.000, 0.000, 0.000
112.000, 0.005, 0.003, 0.000, 0.000, 0.000, 0.000, 0.000
112.100, 0.003, 0.002, 0.000, 0.000, 0.000, 0.000, 0.000
112.200, 0.002, 0.001, 0.000, 0.000, 0.000, 0.000, 0.000
112.300, 0.002, 0.001, 0.000, 0.000, 0.000, 0.000, 0.000
112.400, 0.002, 0.001, 0.000, 0.000, 0.000, 0.000, 0.000
112.500, 0.002, 0.001, 0.000, 0.000, 0.000, 0.000, 0.000
112.600, 0.002, 0.001, 0.000, 0.000, 0.000, 0.000, 0.000
112.700, 0.002, 0.001, 0.000, 0.000, 0.000, 0.000, 0.000
112.800, 0.001, 0.001, 0.000, 0.000, 0.000, 0.000, 0.000
112.900, 0.001, 0.000, 0.000, 0.000, 0.000, 0.000, 0.000
113.000, 0.001, 0.000, 0.000, 0.000, 0.000, 0.000, 0.000
113.100, 0.001, 0.000, 0.000, 0.000, 0.000, 0.000, 0.000
113.200, 0.000, 0.000, 0.000, 0.000, 0.000, 0.000, 0.000
113.300, 0.000, 0.000, 0.000, 0.000, 0.000, 0.000, 0.000
113.400, 0.000, 0.000, 0.000, 0.000, 0.000, 0.000, 0.000
Volumes [cc], 377.402, 578.878, 31.822, 441.778, 36.214, 4081.253, 92.363
